,index,Participant id,Age,Sex
0,0,316,24,Male
1,1,300,26,Male
2,2,334,25,Female
3,3,331,23,Female
4,4,338,26,Male
5,5,315,23,Male
6,6,335,22,Male
7,7,322,39,Male
8,8,309,36,Male
9,9,305,19,Female
10,10,324,49,Female
11,11,288,20,Male
12,12,308,24,Female
13,13,296,27,Female
14,14,327,31,Male
15,15,325,20,Male
16,16,317,21,Female
17,17,333,49,Male
18,18,311,48,Female
19,19,329,24,Female
20,20,336,25,Male
21,21,337,23,Male
22,22,358,29,Female
23,23,299,21,Female
24,24,314,25,Female
25,25,321,24,Male
26,26,319,30,Male
27,27,298,24,Female
28,28,290,30,Female
29,29,312,25,Male
30,30,328,21,Male
31,31,323,25,Female
32,32,307,24,Male
33,33,318,30,Male
34,34,292,21,Female
35,35,293,27,Female
36,36,291,21,Female
37,37,304,40,Male
38,38,306,30,Female
39,39,297,35,Male
40,40,289,20,Female
41,41,342,30,Male
42,43,357,38,Male
43,44,380,29,Female
44,45,365,20,Female
45,46,371,29,Male
46,47,362,27,Male
47,48,376,29,Female
48,49,361,32,Female
49,50,356,24,Female
50,51,373,30,Male
51,52,363,25,Female
52,53,385,31,Male
53,54,348,22,Female
54,55,339,29,Male
55,56,369,53,Female
56,57,381,37,Male
57,58,349,39,Female
58,59,379,24,Male
59,60,386,22,Male
60,61,384,48,Male
61,62,364,57,Female
62,63,374,36,Male
63,64,367,58,Male
64,65,372,44,Male
65,66,359,19,Male
66,67,377,38,Male
67,68,391,27,Male
68,69,392,30,Female
69,70,355,58,Female
70,71,370,23,Female
71,72,352,23,Male
72,73,387,26,Female
73,74,378,23,Male
74,75,350,20,Female
75,76,394,26,Female
76,77,389,54,Female
77,78,375,31,Male
78,79,393,24,Female
79,80,353,29,Female
80,81,354,28,Male
81,82,360,20,Male
82,83,382,31,Male
83,84,383,30,Male
84,85,351,48,Male
85,86,407,23,Female
86,87,344,23,Female
87,88,341,31,Male
88,89,340,24,Female
89,90,346,63,Female
90,91,398,37,Male
91,92,345,43,Male
92,93,397,34,Male
93,94,408,47,Male
94,95,399,43,Male
95,96,404,32,Male
96,97,400,27,Female
97,98,403,26,Male
98,99,406,26,Female
99,100,401,31,Female
100,101,409,29,Female
101,102,405,23,Male
102,103,402,58,Female
103,104,435,23,Female
104,105,438,31,Male
105,106,395,27,Male
106,107,396,32,Male
107,108,423,21,Male
108,109,421,61,Male
109,110,447,29,Female
110,111,429,22,Female
111,112,463,34,Male
112,113,415,28,Female
113,114,470,27,Male
114,115,439,25,Male
115,116,464,36,Male
116,117,456,23,Female
117,118,431,22,Male
118,119,471,54,Male
119,120,467,23,Female
120,121,472,21,Male
121,122,448,31,Male
122,123,469,31,Female
123,125,461,26,Male
124,126,422,49,Male
125,127,442,32,Female
126,128,425,25,Female
127,129,443,54,Female
128,130,416,40,Male
129,131,413,42,Male
130,132,433,30,Male
131,133,428,29,Female
132,134,426,21,Female
133,135,420,28,Male
134,136,419,36,Male
135,137,411,33,Male
136,138,410,23,Male
137,139,473,33,Male
138,140,418,23,Male
139,141,436,27,Male
140,142,455,42,Male
141,143,446,25,Female
142,144,453,26,Female
143,145,451,62,Male
144,146,434,26,Male
145,147,462,27,Male
146,148,424,25,Male
147,149,458,21,Female
148,150,441,27,Male
149,151,430,42,Male
150,152,460,41,Male
151,153,445,28,Female
152,154,450,39,Female
153,155,466,33,Female
154,156,468,66,Male
155,157,454,43,Male
156,158,432,44,Male
157,159,459,22,Male
158,160,465,32,Male
159,161,457,46,Female
160,162,491,27,Female
161,163,492,40,Male
162,164,489,66,Male
163,165,490,22,Male
164,166,474,30,Male
165,167,477,23,Male
166,168,479,57,Male
167,169,476,32,Male
168,170,475,29,Female
169,171,481,27,Female
170,172,482,39,Female
171,173,478,36,Male
172,174,486,38,Male
173,175,484,20,Male
174,176,485,36,Male
175,177,487,51,Female
176,178,506,33,Female
177,179,500,32,Male
178,180,494,45,Male
179,181,496,30,Female
180,182,504,30,Male
181,183,495,25,Female
182,184,493,23,Male
183,185,498,50,Male
184,186,508,49,Male
185,187,499,29,Male
186,188,503,20,Female
187,189,501,33,Female
188,190,505,29,Male
189,191,509,40,Male
190,192,517,46,Male
191,193,518,22,Female
192,194,514,50,Female
193,195,521,34,Male
194,196,512,25,Male
195,197,525,24,Female
196,198,520,33,Female
197,199,529,29,Male
198,200,534,38,Male
199,201,511,40,Male
200,202,507,21,Male
201,203,513,31,Female
202,204,510,32,Male
203,205,519,23,Female
204,206,526,32,Male
205,207,515,26,Male
206,208,516,23,Male
207,209,524,40,Male
208,210,522,35,Female
209,211,538,30,Male
210,212,527,23,Male
211,213,530,25,Male
212,214,535,32,Male
213,215,533,32,Female
214,216,537,28,Male
215,217,532,28,Male
216,218,550,49,Male
217,219,554,21,Male
218,220,542,49,Male
219,221,539,21,Male
220,222,543,23,Female
221,223,553,25,Female
222,224,552,28,Male
223,225,551,64,Male
224,226,555,27,Male
225,227,541,44,Male
226,228,545,39,Male
227,229,547,24,Male
228,230,546,29,Male
229,231,544,31,Female
230,232,549,30,Male
231,233,540,60,Female
232,234,557,51,Male
233,235,556,32,Male
234,0,201,27,Female
235,0,75,58,Female
236,0,56,21,Male
237,1,39,21,Male
238,2,51,20,Male
239,3,54,20,Male
240,4,60,22,Male
241,5,63,21,Female
242,6,41,23,Female
243,7,73,21,Female
244,8,43,22,Male
245,9,74,23,Male
246,10,45,26,Male
247,11,58,26,Female
248,12,57,25,Female
249,13,47,22,Male
250,14,42,27,Male
251,15,66,23,Female
252,16,72,27,Female
253,17,67,48,Male
254,18,61,22,Male
255,19,49,21,Male
256,20,38,22,Male
257,21,65,21,Male
258,22,46,19,Female
259,23,37,41,Male
260,24,52,25,Male
261,26,69,28,Male
262,27,44,39,Male
263,28,59,DATA_EXPIRED,Male
264,29,40,36,Male
265,30,102,25,Male
266,31,111,20,Male
267,32,123,33,Male
268,33,96,32,Male
269,34,110,27,Male
270,35,78,27,Female
271,36,116,26,Female
272,37,86,45,Male
273,38,124,21,Female
274,39,77,24,Male
275,40,114,28,Male
276,41,84,21,Female
277,42,122,25,Male
278,43,98,28,Male
279,44,105,48,Male
280,45,94,43,Female
281,46,121,24,Male
282,47,112,32,Male
283,48,89,35,Female
284,49,100,20,Female
285,50,76,22,Male
286,51,91,21,Female
287,52,93,25,Male
288,53,80,27,Female
289,54,109,21,Male
290,55,113,38,Female
291,56,108,22,Male
292,57,95,20,Female
293,58,106,26,Female
294,59,87,21,Female
295,60,99,53,Male
296,61,120,73,Female
297,62,81,27,Female
298,63,117,57,Female
299,64,92,40,Female
300,65,104,20,Male
301,66,79,27,Male
302,67,90,42,Female
303,68,125,20,Male
304,69,85,38,Female
305,70,118,74,Male
306,71,101,29,Male
307,72,126,34,Male
308,73,127,25,Male
309,74,145,23,Male
310,75,188,22,Male
311,76,130,21,Male
312,78,128,32,Male
313,79,154,35,Female
314,81,159,40,Female
315,82,157,26,Female
316,83,182,27,Male
317,84,183,20,Female
318,86,141,42,Female
319,87,163,22,Male
320,88,172,30,Male
321,89,177,29,Female
322,90,147,31,Male
323,91,190,27,Female
324,92,151,20,Male
325,93,148,27,Female
326,94,164,26,Male
327,95,133,41,Male
328,96,167,36,Male
329,97,186,53,Female
330,98,137,30,Prefer not to say
331,99,156,27,Male
332,100,191,42,Male
333,101,135,20,Male
334,102,140,20,Male
335,103,178,24,Male
336,104,189,40,Female
337,105,184,35,Female
338,106,149,26,Female
339,107,185,22,Male
340,108,161,30,Female
341,109,139,37,Female
342,110,152,25,Female
343,111,171,31,Male
344,112,153,33,Female
345,113,187,20,Female
346,114,136,27,Male
347,115,129,25,Male
348,116,143,25,Male
349,117,142,24,Male
350,118,219,29,Male
351,119,175,37,DATA_EXPIRED
352,120,211,23,Male
353,121,212,21,Male
354,122,200,21,Female
355,123,195,20,Male
356,124,199,26,Female
357,125,206,20,Male
358,126,196,21,Male
359,127,208,27,Male
360,128,209,21,Male
361,129,198,37,Female
362,130,207,46,Female
363,131,193,21,Male
364,132,203,54,Female
365,133,210,20,Male
366,134,192,39,Female
367,0,590,20,Male
368,1,761,35,Female
369,2,573,35,Male
370,3,595,21,Female
371,4,565,26,Male
372,5,599,28,Female
373,6,607,23,Female
374,7,589,30,Female
375,8,586,21,Male
376,9,596,24,Female
377,10,580,34,Male
378,11,578,22,Female
379,12,582,21,Female
380,13,575,27,Female
381,14,566,30,Male
382,15,587,24,Female
383,16,588,24,Female
384,17,606,25,Male
385,18,604,27,Female
386,20,572,23,Male
387,21,608,19,Female
388,22,592,24,Male
389,23,581,22,Male
390,24,568,31,Female
391,25,585,57,Male
392,26,579,35,Male
393,27,574,22,Female
394,28,584,25,Female
395,29,591,24,Male
396,30,593,64,Female
397,31,603,37,Male
398,32,628,46,Male
399,33,598,45,Male
400,34,577,32,Male
401,35,570,28,Female
402,36,617,22,Female
403,37,626,31,Male
404,38,637,28,Male
405,39,636,23,Female
406,40,622,25,Female
407,41,638,36,Male
408,42,631,38,Female
409,43,639,26,Female
410,44,615,47,Female
411,45,613,56,Female
412,46,624,60,Male
413,47,630,22,Male
414,48,635,27,Female
415,49,634,43,Male
416,50,618,32,Male
417,51,627,21,Male
418,52,629,27,Male
419,53,614,29,Female
420,54,633,30,Male
421,55,611,24,Female
422,56,623,23,Male
423,57,632,27,Male
424,58,616,33,Male
425,59,609,33,Male
426,60,621,55,Male
427,61,612,50,Male
428,62,610,54,Male
429,63,620,27,Female
430,64,619,27,Female
431,65,645,34,Female
432,66,663,19,Female
433,67,651,25,Male
434,68,650,34,Female
435,69,653,45,Male
436,70,659,27,Male
437,71,660,25,Male
438,72,654,30,Male
439,73,649,41,Female
440,74,652,33,Male
441,75,642,25,Female
442,76,656,25,Female
443,77,685,50,Male
444,78,646,25,Male
445,79,648,35,Female
446,80,640,21,Female
447,81,655,35,Female
448,82,662,52,Male
449,83,641,32,Male
450,84,643,61,Female
451,85,647,21,Male
452,86,644,22,Female
453,87,657,36,Female
454,88,686,22,Female
455,89,661,28,Male
456,90,675,56,Male
457,91,669,19,Male
458,92,684,40,Female
459,93,670,54,Female
460,94,668,38,Male
461,95,678,24,Male
462,96,683,43,Female
463,97,677,20,Prefer not to say
464,98,671,44,Female
465,99,664,23,Female
466,100,680,28,Female
467,101,665,36,Female
468,102,667,33,Male
469,103,666,47,Male
470,104,676,34,Female
471,105,673,21,Male
472,106,681,20,Male
473,107,679,48,Female
474,108,687,30,Male
475,109,674,35,Male
476,110,688,21,Male
477,111,700,50,Male
478,112,697,DATA_EXPIRED,DATA_EXPIRED
479,113,699,31,Male
480,114,703,34,Male
481,116,714,30,Male
482,117,690,43,Male
483,118,698,22,Male
484,119,692,27,Male
485,120,704,59,Female
486,121,689,23,Male
487,122,693,53,Male
488,123,694,28,Male
489,124,723,57,Female
490,125,709,30,Male
491,126,737,34,Female
492,127,696,65,Female
493,128,706,47,Female
494,130,705,44,Male
495,131,735,37,Male
496,132,701,26,Male
497,133,722,22,Male
498,134,731,51,Male
499,135,733,33,Male
500,136,712,37,Male
501,137,725,30,Female
502,138,702,29,Male
503,139,718,25,Male
504,140,727,21,Male
505,141,734,39,Male
506,142,730,30,Male
507,143,721,31,Female
508,144,713,28,Male
509,145,724,48,Female
510,146,738,53,Male
511,147,739,22,Female
512,148,711,40,Male
513,149,747,46,Male
514,150,717,45,Male
515,151,752,37,Male
516,152,740,58,Male
517,153,729,37,Male
518,154,748,24,Female
519,155,750,21,Male
520,156,715,44,Male
521,157,732,26,Female
522,158,741,31,Female
523,159,753,24,Male
524,160,742,23,Male
525,161,751,33,Male
526,163,743,33,Female
527,164,736,35,Male
528,165,745,22,Male
529,166,744,25,Female
530,167,746,54,Female
531,168,728,30,Male
532,169,726,25,Male
533,170,749,58,Female
534,0,250,32,Male
535,2,246,51,Male
536,3,230,30,Male
537,4,221,23,Male
538,5,240,55,Male
539,6,236,40,Female
540,7,242,55,Female
541,9,226,28,Female
542,10,224,28,Male
543,11,249,19,Female
544,12,232,36,Male
545,13,244,29,Male
546,14,251,22,Female
547,16,252,37,Female
548,17,220,22,Male
549,18,247,29,Female
550,19,248,29,Female
551,20,222,23,Male
552,22,231,32,Male
553,23,238,20,Female
554,24,217,24,Female
555,25,213,24,Female
556,26,241,21,Female
557,27,216,40,Male
558,28,277,24,Female
559,29,282,28,Male
560,30,281,37,Male
561,31,260,45,Female
562,32,280,26,Female
563,33,271,29,Male
564,34,274,29,Male
565,35,264,29,Male
566,36,270,35,Male
567,37,267,23,Male
568,38,286,37,Male
569,39,255,38,Female
570,40,257,22,Male
571,41,263,30,Male
572,42,262,28,Male
573,43,258,43,Female
574,44,295,20,Male
575,45,276,34,Male
576,46,273,28,Female
577,47,284,38,Male
578,48,279,38,Female
579,49,268,35,Male
580,50,285,38,Female
581,51,266,21,Male
582,52,278,27,Female
583,53,283,62,Male
584,54,302,30,Male
585,55,269,23,Male
586,56,272,31,Male
587,57,275,25,Female
588,0,820,20,Male
589,1,839,22,Female
590,2,846,22,Male
591,3,797,19,Female
592,4,847,19,Female
593,5,852,26,Male
594,6,870,20,Male
595,7,856,23,Male
596,8,778,36,Male
597,9,790,30,Female
598,10,806,21,Female
599,11,809,22,Female
600,12,786,35,Female
601,13,813,21,Female
602,14,768,21,Male
603,15,766,20,Male
604,16,776,35,Male
605,17,864,29,Male
606,18,834,27,Female
607,19,837,21,Male
608,20,849,22,Male
609,21,770,27,Male
610,23,814,22,Male
611,24,802,21,Female
612,25,774,23,Male
613,26,838,46,Male
614,27,792,23,Female
615,28,868,21,Female
616,29,831,23,Female
617,30,857,49,Female
618,31,817,64,Female
619,32,825,51,Male
620,33,844,25,Female
621,34,869,23,Female
622,35,787,34,Male
623,36,794,26,Male
624,37,816,32,Male
625,38,805,39,Female
626,39,781,48,Female
627,40,815,24,Male
628,41,822,25,Female
629,42,861,21,Male
630,43,850,22,Female
631,44,819,24,Male
632,45,771,29,Male
633,46,811,31,Male
634,47,803,51,Female
635,48,773,25,Female
636,49,784,38,Female
637,50,775,37,Female
638,51,840,25,Male
639,52,862,31,Male
640,53,851,36,Male
641,54,863,57,Male
642,55,832,24,Female
643,56,791,46,Female
644,57,854,30,Female
645,58,866,28,Male
646,59,848,26,Male
647,60,853,38,Male
648,61,845,43,Male
649,62,767,30,Female
650,63,842,40,Male
651,64,841,23,Male
652,65,789,25,Female
653,66,780,31,DATA_EXPIRED
654,67,835,45,Female
655,68,889,77,Male
656,69,765,39,Male
657,70,769,33,Male
658,71,764,34,Male
659,72,785,33,Female
660,73,812,27,Female
661,74,826,26,Male
662,75,799,34,Male
663,76,829,51,Female
664,77,795,21,Male
665,78,779,37,Female
666,79,865,32,Male
667,80,783,21,Female
668,81,833,30,Male
669,82,855,28,Male
670,83,860,31,Female
671,84,824,78,Female
672,85,801,31,Male
673,86,859,27,Female
674,87,772,31,Female
675,88,796,62,Male
676,89,827,25,Male
677,90,818,21,Male
678,91,836,21,Male
679,92,858,34,Prefer not to say
680,93,821,36,Female
681,94,777,26,Male
682,96,830,41,Male
683,97,763,29,Male
684,98,782,19,Female
685,99,800,38,Male
686,100,810,20,Male
687,101,808,47,Female
688,102,788,22,Female
689,103,871,35,Male
690,104,872,29,Male
691,105,892,27,Male
692,106,895,57,Female
693,107,883,46,Male
694,108,888,20,Male
695,109,896,34,Female
696,110,886,35,Female
697,111,880,27,Female
698,112,882,23,Male
699,113,879,24,Male
700,114,885,37,Female
701,115,891,34,Male
702,116,912,28,Female
703,117,878,31,Male
704,118,893,30,Female
705,119,894,DATA_EXPIRED,Female
706,120,876,22,Male
707,121,881,33,Male
708,122,887,21,Male
709,123,890,46,Male
710,124,884,22,Female
711,125,873,22,Female
712,126,897,23,Female
713,127,874,45,Female
714,128,875,34,Female
715,129,877,37,Male
716,130,907,32,Male
717,131,910,61,Male
718,132,903,31,Male
719,133,911,27,Female
720,134,909,25,Male
721,135,904,70,Female
722,136,913,33,Male
723,137,906,30,Male
724,138,905,53,Female
725,139,908,28,Male
726,140,917,41,Male
727,141,915,23,Male
728,142,914,49,Male
729,143,916,22,Male
730,144,918,21,Male
731,145,920,35,Female
732,146,919,40,Male
733,147,921,49,Female
734,148,922,38,Female
735,0,254,32,Male
736,1,256,54,Female
737,2,368,28,Male
738,3,412,44,Male
739,4,502,34,Female
740,5,531,25,Female
741,6,528,21,Male
742,7,536,26,Female
