,browser,platform,language,cond,counterbalance,codeversion,beginhit,beginexp,endhit,bonus,status,mode,pid,run,CODE,DEPTH,COST,MIN_TIME,inspectCost,startTime,bonusRate,variance,branching,final_bonus,displayed_bonus,time_diff
35,chrome,windows,en-US,0,0,irlexp10_1,2022-03-09 16:38:57.791309,2022-03-09 16:39:05.233082,2022-03-09 16:49:37.223798,0.0,3,live,2339,methods_main,hedgehog,0,0,7,1,Wed Mar 09 2022 11:39:01 GMT-0500 (Eastern Standard Time),0.002,2_4_24,312,3.45,3.45,10.65
36,chrome,windows,en-US,0,0,irlexp10_1,2022-03-09 16:35:35.374900,2022-03-09 16:35:40.710873,2022-03-09 16:47:45.597840,0.0,3,live,2336,methods_main,hedgehog,0,0,7,1,Wed Mar 09 2022 11:35:32 GMT-0500 (Eastern Standard Time),0.002,2_4_24,312,3.45,3.45,12.166666666666666
37,chrome,windows,en-US,0,0,irlexp10_1,2022-03-09 15:16:15.214871,2022-03-09 15:16:22.483329,2022-03-09 15:29:30.195007,0.0,3,live,2271,methods_main,hedgehog,0,0,7,1,Wed Mar 09 2022 10:16:16 GMT-0500 (Eastern Standard Time),0.002,2_4_24,312,3.37,3.37,13.233333333333333
38,chrome,windows,en-US,0,0,irlexp10_1,2022-03-09 14:58:21.080074,2022-03-09 15:01:53.905541,2022-03-09 15:11:40.609013,0.0,3,live,2221,methods_main,hedgehog,0,0,7,1,Wed Mar 09 2022 09:58:23 GMT-0500 (Eastern Standard Time),0.002,2_4_24,312,2.8,2.8,13.316666666666666
39,chrome,windows,en-US,0,0,irlexp10_1,2022-03-09 14:54:44.745413,2022-03-09 14:55:04.281281,2022-03-09 15:05:56.945212,0.0,3,live,2210,methods_main,hedgehog,0,0,7,1,Wed Mar 09 2022 09:54:48 GMT-0500 (Eastern Standard Time),0.002,2_4_24,312,2.66,2.66,11.2
40,chrome,windows,en-US,1,0,irlexp10_1,2022-03-09 16:52:09.420691,2022-03-09 16:52:21.448644,2022-03-09 17:03:49.618603,0.0,3,live,2347,methods_main,bighorn,0,0,7,1,Wed Mar 09 2022 08:52:12 GMT-0800 (Pacific Standard Time),0.002,2_4_24,312,1.11,1.11,11.666666666666666
41,chrome,windows,en-US,1,0,irlexp10_1,2022-03-09 15:11:52.531290,2022-03-09 15:13:52.592064,2022-03-09 15:28:34.146215,0.0,3,live,2272,methods_main,bighorn,0,0,7,1,Wed Mar 09 2022 10:11:53 GMT-0500 (Eastern Standard Time),0.002,2_4_24,312,3.44,3.44,16.683333333333334
43,chrome,windows,en-US,1,0,irlexp10_1,2022-03-09 14:54:48.518290,2022-03-09 14:57:16.736553,2022-03-09 15:08:08.216009,0.0,3,live,2223,methods_main,bighorn,0,0,7,1,Wed Mar 09 2022 07:54:52 GMT-0700 (Mountain Standard Time),0.002,2_4_24,312,2.55,2.55,13.316666666666666
44,chrome,macos,en-US,1,0,irlexp10_1,2022-03-09 14:53:15.011534,2022-03-09 14:53:24.361679,2022-03-09 15:07:33.382630,0.0,3,live,2224,methods_main,bighorn,0,0,7,1,Wed Mar 09 2022 09:53:16 GMT-0500 (Eastern Standard Time),0.002,2_4_24,312,3.46,3.46,14.3
46,chrome,windows,en-US,2,0,irlexp10_1,2022-03-09 17:04:34.893086,2022-03-09 17:07:08.165751,2022-03-09 17:20:17.045974,0.0,3,live,2348,methods_main,chinchilla,0,0,7,1,Wed Mar 09 2022 11:04:40 GMT-0600 (Central Standard Time),0.002,2_4_24,312,3.31,3.31,15.7
47,chrome,windows,en-US,2,0,irlexp10_1,2022-03-09 15:16:53.554517,2022-03-09 15:19:12.526765,2022-03-09 15:33:44.731925,0.0,3,live,2273,methods_main,chinchilla,0,0,7,1,Wed Mar 09 2022 10:16:57 GMT-0500 (Eastern Standard Time),0.002,2_4_24,312,3.24,3.24,16.85
49,chrome,windows,en-US,2,0,irlexp10_1,2022-03-09 14:55:35.220289,2022-03-09 14:55:45.980002,2022-03-09 15:08:02.742463,0.0,3,live,2226,methods_main,chinchilla,0,0,7,1,Wed Mar 09 2022 09:55:37 GMT-0500 (Eastern Standard Time),0.002,2_4_24,312,3.41,3.41,12.45
50,chrome,windows,en-US,3,0,irlexp10_1,2022-03-09 16:35:00.670239,2022-03-09 16:37:20.084355,2022-03-09 16:52:14.436434,0.0,3,live,2340,methods_main,porcupine,0,0,7,1,Wed Mar 09 2022 10:35:03 GMT-0600 (Central Standard Time),0.002,2_4_24,312,3.48,3.48,17.216666666666665
52,chrome,chromeos,en-US,3,0,irlexp10_1,2022-03-09 15:01:09.620889,2022-03-09 15:01:17.606225,2022-03-09 15:20:24.535118,0.0,3,live,2227,methods_main,porcupine,0,0,7,1,Wed Mar 09 2022 07:01:11 GMT-0800 (Pacific Standard Time),0.002,2_4_24,312,1.71,1.71,19.233333333333334
53,chrome,windows,en-US,3,0,irlexp10_1,2022-03-09 14:54:38.585510,2022-03-09 14:56:42.733723,2022-03-09 15:10:55.101689,0.0,3,live,2228,methods_main,porcupine,0,0,7,1,Wed Mar 09 2022 09:54:47 GMT-0500 (Eastern Standard Time),0.002,2_4_24,312,3.38,3.38,16.266666666666666
54,chrome,windows,en-US,3,0,irlexp10_1,2022-03-09 14:53:20.477175,2022-03-09 14:53:26.445695,2022-03-09 15:02:50.117082,0.0,3,live,2211,methods_main,porcupine,0,0,7,1,Wed Mar 09 2022 09:53:21 GMT-0500 (Eastern Standard Time),0.002,2_4_24,312,3.52,3.52,9.483333333333333
55,chrome,windows,en-US,4,0,irlexp10_1,2022-03-09 17:20:32.802804,2022-03-09 17:23:26.180021,2022-03-09 17:42:02.219011,0.0,3,live,2354,methods_main,guanaco,0,0,7,1,Wed Mar 09 2022 10:20:36 GMT-0700 (Mountain Standard Time),0.002,2_4_24,312,3.21,3.21,21.483333333333334
56,chrome,windows,en-US,4,0,irlexp10_1,2022-03-09 15:45:37.767304,2022-03-09 15:47:54.608946,2022-03-09 15:59:05.067960,0.0,3,live,2286,methods_main,guanaco,0,0,7,1,Wed Mar 09 2022 09:45:40 GMT-0600 (Central Standard Time),0.002,2_4_24,312,3.56,3.56,13.45
57,chrome,windows,en-US,4,0,irlexp10_1,2022-03-09 15:29:53.165246,2022-03-09 15:31:52.526181,2022-03-09 15:41:46.305494,0.0,3,live,2287,methods_main,guanaco,0,0,7,1,Wed Mar 09 2022 07:29:56 GMT-0800 (Pacific Standard Time),0.002,2_4_24,312,1.25,1.25,11.883333333333333
58,chrome,windows,en-US,4,0,irlexp10_1,2022-03-09 14:55:37.012474,2022-03-09 15:00:10.377216,2022-03-09 15:10:09.613118,0.0,3,live,2229,methods_main,guanaco,0,0,7,1,Wed Mar 09 2022 09:55:36 GMT-0500 (Eastern Standard Time),0.002,2_4_24,312,3.32,3.32,14.533333333333333
59,chrome,windows,en-US,4,0,irlexp10_1,2022-03-09 14:52:39.130456,2022-03-09 14:52:49.348148,2022-03-09 15:04:57.355153,0.0,3,live,2212,methods_main,guanaco,0,0,7,1,Wed Mar 09 2022 09:52:47 GMT-0500 (Eastern Standard Time),0.002,2_4_24,312,3.37,3.37,12.3
60,firefox,windows,en-US,5,0,irlexp10_1,2022-03-09 16:10:39.014373,2022-03-09 16:10:44.737402,2022-03-09 16:20:42.317204,0.0,3,live,2322,methods_main,walrus,0,0,7,1,Wed Mar 09 2022 08:10:42 GMT-0800 (Pacific Standard Time),0.002,2_4_24,312,3.41,3.41,10.05
61,chrome,windows,en-US,5,0,irlexp10_1,2022-03-09 15:10:03.868485,2022-03-09 15:11:46.967583,2022-03-09 15:22:36.410873,0.0,3,live,2275,methods_main,walrus,0,0,7,1,Wed Mar 09 2022 09:10:05 GMT-0600 (Central Standard Time),0.002,2_4_24,312,2.97,2.97,12.533333333333333
62,chrome,windows,en-US,5,0,irlexp10_1,2022-03-09 15:05:46.787780,2022-03-09 15:05:53.456574,2022-03-09 15:14:35.732954,0.0,3,live,2231,methods_main,walrus,0,0,7,1,Wed Mar 09 2022 09:05:50 GMT-0600 (Central Standard Time),0.002,2_4_24,312,2.35,2.35,8.8
63,chrome,windows,en-US,5,0,irlexp10_1,2022-03-09 14:52:37.827922,2022-03-09 15:01:33.428935,2022-03-09 15:12:18.536433,0.0,3,live,2232,methods_main,walrus,0,0,7,1,Wed Mar 09 2022 08:52:39 GMT-0600 (Central Standard Time),0.002,2_4_24,312,1.34,1.34,19.666666666666668
64,chrome,windows,en-US,5,0,irlexp10_1,2022-03-09 14:56:12.454203,2022-03-09 14:58:05.022471,2022-03-09 15:08:55.199979,0.0,3,live,2233,methods_main,walrus,0,0,7,1,Wed Mar 09 2022 09:56:15 GMT-0500 (Eastern Standard Time),0.002,2_4_24,312,1.61,1.61,12.7
65,chrome,windows,en-US,6,0,irlexp10_1,2022-03-09 18:59:23.924213,2022-03-09 19:00:57.353192,2022-03-09 19:10:08.532007,0.0,3,live,2366,methods_main,dromedary,0,0,7,1,Wed Mar 09 2022 10:59:25 GMT-0800 (Pacific Standard Time),0.002,2_4_24,312,3.47,3.47,10.733333333333333
66,chrome,windows,en-US,6,0,irlexp10_1,2022-03-09 15:12:49.852981,2022-03-09 15:16:36.033186,2022-03-09 15:29:56.364147,0.0,3,live,2276,methods_main,dromedary,0,0,7,1,Wed Mar 09 2022 10:12:51 GMT-0500 (Eastern Standard Time),0.002,2_4_24,312,3.42,3.42,17.1
68,chrome,windows,en-US,6,0,irlexp10_1,2022-03-09 14:56:52.592910,2022-03-09 14:56:57.962236,2022-03-09 15:09:52.153544,0.0,3,live,2234,methods_main,dromedary,0,0,7,1,Wed Mar 09 2022 08:56:53 GMT-0600 (Central Standard Time),0.002,2_4_24,312,3.55,3.55,12.983333333333333
69,chrome,windows,en-US,6,0,irlexp10_1,2022-03-09 14:55:43.438278,2022-03-09 14:55:58.125654,2022-03-09 15:09:10.346093,0.0,3,live,2235,methods_main,dromedary,0,0,7,1,Wed Mar 09 2022 08:54:58 GMT-0600 (Central Standard Time),0.002,2_4_24,312,3.16,3.16,13.433333333333334
70,chrome,windows,en-US,7,0,irlexp10_1,2022-03-09 17:45:06.141332,2022-03-09 17:46:29.036778,2022-03-09 18:00:28.018698,0.0,3,live,2361,methods_main,aoudad,0,0,7,1,Wed Mar 09 2022 10:45:08 GMT-0700 (Mountain Standard Time),0.002,2_4_24,312,,,15.35
71,chrome,windows,en-US,7,0,irlexp10_1,2022-03-09 16:12:59.438913,2022-03-09 16:15:01.385140,2022-03-09 16:24:58.213861,0.0,3,live,2323,methods_main,aoudad,0,0,7,1,Wed Mar 09 2022 10:13:00 GMT-0600 (Central Standard Time),0.002,2_4_24,312,3.44,3.44,11.966666666666667
72,firefox,windows,en-US,7,0,irlexp10_1,2022-03-09 15:14:55.566854,2022-03-09 15:15:09.829774,2022-03-09 15:29:12.776088,0.0,3,live,2277,methods_main,aoudad,0,0,7,1,Wed Mar 09 2022 10:14:57 GMT-0500 (Eastern Standard Time),0.002,2_4_24,312,3.16,3.16,14.283333333333333
73,chrome,windows,en-US,7,0,irlexp10_1,2022-03-09 14:59:27.140159,2022-03-09 15:02:23.335224,2022-03-09 15:13:18.154519,0.0,3,live,2236,methods_main,aoudad,0,0,7,1,Wed Mar 09 2022 07:59:30 GMT-0700 (Mountain Standard Time),0.002,2_4_24,312,3.05,3.05,13.85
74,chrome,windows,en-US,7,0,irlexp10_1,2022-03-09 14:55:27.670936,2022-03-09 14:55:52.332834,2022-03-14 09:02:36.832910,0.0,3,live,2237,methods_main,aoudad,0,0,7,1,Wed Mar 09 2022 06:52:39 GMT-0800 (Pacific Standard Time),0.002,2_4_24,312,3.24,3.24,7.15
75,chrome,windows,en-US,7,0,irlexp10_1,2022-03-09 14:53:26.380918,2022-03-09 14:53:32.153598,2022-03-09 15:04:52.890269,0.0,3,live,2213,methods_main,aoudad,0,0,7,1,Wed Mar 09 2022 08:53:25 GMT-0600 (Central Standard Time),0.002,2_4_24,312,3.37,3.37,11.433333333333334
76,chrome,windows,en-US,8,0,irlexp10_1,2022-03-09 16:11:06.333138,2022-03-09 16:12:21.787614,2022-03-09 16:21:15.088893,0.0,3,live,2324,methods_main,weasel,0,0,7,1,Wed Mar 09 2022 10:11:06 GMT-0600 (Central Standard Time),0.002,2_4_24,312,3.36,3.36,10.133333333333333
77,chrome,windows,en-US,8,0,irlexp10_1,2022-03-09 15:39:08.674220,2022-03-09 15:47:31.980237,2022-03-09 16:07:51.814545,0.0,3,live,2308,methods_main,weasel,0,0,7,1,Wed Mar 09 2022 09:39:34 GMT-0600 (Central Standard Time),0.002,2_4_24,312,,,28.716666666666665
78,chrome,chromeos,en-US,8,0,irlexp10_1,2022-03-09 15:26:15.975118,2022-03-09 15:26:32.593635,2022-03-09 15:35:39.935705,0.0,3,live,2288,methods_main,weasel,0,0,7,1,Wed Mar 09 2022 09:26:25 GMT-0600 (Central Standard Time),0.002,2_4_24,312,3.33,3.33,9.383333333333333
79,chrome,windows,en-US,8,0,irlexp10_1,2022-03-09 15:21:20.499843,2022-03-09 15:21:27.521481,2022-03-09 15:33:11.552928,0.0,3,live,2289,methods_main,weasel,0,0,7,1,Wed Mar 09 2022 09:21:22 GMT-0600 (Central Standard Time),0.002,2_4_24,312,3.44,3.44,11.85
80,chrome,linux,en-US,8,0,irlexp10_1,2022-03-09 14:53:36.788871,2022-03-09 14:53:44.376818,2022-03-09 15:08:16.966590,0.0,3,live,2239,methods_main,weasel,0,0,7,1,Wed Mar 09 2022 09:53:38 GMT-0500 (Eastern Standard Time),0.002,2_4_24,312,3.2,3.2,14.666666666666666
81,chrome,windows,en-US,9,0,irlexp10_1,2022-03-09 16:48:18.998331,2022-03-09 16:48:40.064599,2022-03-09 17:03:44.900497,0.0,3,live,2349,methods_main,rooster,0,0,7,1,Wed Mar 09 2022 08:48:21 GMT-0800 (Pacific Standard Time),0.002,2_4_24,312,3.17,3.17,15.416666666666666
82,chrome,windows,en-US,9,0,irlexp10_1,2022-03-09 16:14:35.758956,2022-03-09 16:17:40.660974,2022-03-09 16:27:54.665745,0.0,3,live,2325,methods_main,rooster,0,0,7,1,Wed Mar 09 2022 11:14:38 GMT-0500 (Eastern Standard Time),0.002,2_4_24,312,1.23,1.23,13.3
83,chrome,windows,en-US,9,0,irlexp10_1,2022-03-09 14:59:47.778552,2022-03-09 15:02:41.709788,2022-03-09 15:11:49.923574,0.0,3,live,2240,methods_main,rooster,0,0,7,1,Wed Mar 09 2022 09:59:49 GMT-0500 (Eastern Standard Time),0.002,2_4_24,312,2.89,2.89,12.033333333333333
84,chrome,windows,en-US,9,0,irlexp10_1,2022-03-09 14:56:16.496789,2022-03-09 14:59:38.432838,2022-03-09 15:17:17.825442,0.0,3,live,2241,methods_main,rooster,0,0,7,1,Wed Mar 09 2022 08:58:20 GMT-0600 (Central Standard Time),0.002,2_4_24,312,3.18,3.18,21.016666666666666
85,chrome,windows,en-US,9,0,irlexp10_1,2022-03-09 14:54:00.085827,2022-03-09 14:54:07.995826,2022-03-09 15:12:20.279476,0.0,3,live,2242,methods_main,rooster,0,0,7,1,Wed Mar 09 2022 09:54:02 GMT-0500 (Eastern Standard Time),0.002,2_4_24,312,3.16,3.16,18.333333333333332
86,chrome,chromeos,en-US,10,0,irlexp10_1,2022-03-09 17:08:24.657565,2022-03-09 17:10:23.899057,2022-03-09 17:23:11.285165,0.0,3,live,2350,methods_main,civet,0,0,7,1,Wed Mar 09 2022 12:08:28 GMT-0500 (Eastern Standard Time),0.002,2_4_24,312,,,14.766666666666667
87,firefox,windows,en-US,10,0,irlexp10_1,2022-03-09 16:31:53.798521,2022-03-09 16:39:15.984364,2022-03-09 17:16:58.996609,0.0,3,live,2328,methods_main,civet,0,0,7,1,Wed Mar 09 2022 11:31:54 GMT-0500 (Eastern Standard Time),0.002,2_4_24,312,2.34,2.34,45.083333333333336
88,chrome,windows,en-US,10,0,irlexp10_1,2022-03-09 15:34:00.717511,2022-03-09 15:36:40.780834,2022-03-09 15:49:41.139394,0.0,3,live,2290,methods_main,civet,0,0,7,1,Wed Mar 09 2022 10:29:45 GMT-0500 (Eastern Standard Time),0.002,2_4_24,312,3.04,3.04,15.666666666666666
89,chrome,windows,en-US,10,0,irlexp10_1,2022-03-09 15:20:45.566679,2022-03-09 15:22:14.358827,2022-03-09 15:31:04.337290,0.0,3,live,2291,methods_main,civet,0,0,7,1,Wed Mar 09 2022 10:20:47 GMT-0500 (Eastern Standard Time),0.002,2_4_24,312,2.9,2.9,10.3
90,chrome,windows,en-US,10,0,irlexp10_1,2022-03-09 15:04:12.443799,2022-03-09 15:06:46.642290,2022-03-09 15:19:22.902170,0.0,3,live,2243,methods_main,civet,0,0,7,1,Wed Mar 09 2022 09:04:12 GMT-0600 (Central Standard Time),0.002,2_4_24,312,3.34,3.34,15.166666666666666
91,chrome,windows,en-US,10,0,irlexp10_1,2022-03-09 14:54:03.457038,2022-03-09 14:56:18.775584,2022-03-09 15:07:39.786773,0.0,3,live,2244,methods_main,civet,0,0,7,1,Wed Mar 09 2022 09:54:06 GMT-0500 (Eastern Standard Time),0.002,2_4_24,312,3.33,3.33,13.6
92,firefox,linux,en-US,11,0,irlexp10_1,2022-03-09 17:26:07.074548,2022-03-09 17:29:27.240134,2022-03-09 17:43:08.831529,0.0,3,live,2355,methods_main,iguana,0,0,7,1,Wed Mar 09 2022 10:25:57 GMT-0700 (Mountain Standard Time),0.002,2_4_24,312,3.25,3.25,17.016666666666666
93,firefox,windows,en-US,11,0,irlexp10_1,2022-03-09 17:00:17.714085,2022-03-09 17:02:48.816970,2022-03-09 17:23:23.892708,0.0,3,live,2351,methods_main,iguana,0,0,7,1,Wed Mar 09 2022 11:00:19 GMT-0600 (Central Standard Time),0.002,2_4_24,312,2.84,2.84,23.1
94,chrome,windows,en-US,11,0,irlexp10_1,2022-03-09 15:11:54.316455,2022-03-09 15:25:07.403320,2022-03-09 15:38:10.024229,0.0,3,live,2278,methods_main,iguana,0,0,7,1,Wed Mar 09 2022 10:11:56 GMT-0500 (Eastern Standard Time),0.002,2_4_24,312,3.3,3.3,26.25
96,chrome,macos,en-US,11,0,irlexp10_1,2022-03-09 14:53:54.949410,2022-03-09 14:54:02.215804,2022-03-09 15:05:13.802855,0.0,3,live,2215,methods_main,iguana,0,0,7,1,Wed Mar 09 2022 09:53:56 GMT-0500 (Eastern Standard Time),0.002,2_4_24,312,,,11.3
97,chrome,windows,en-US,12,0,irlexp10_1,2022-03-09 17:54:49.974376,2022-03-09 17:56:41.487827,2022-03-09 18:06:31.607975,0.0,3,live,2362,methods_main,fruitbat,0,0,7,1,Wed Mar 09 2022 12:54:50 GMT-0500 (Eastern Standard Time),0.002,2_4_24,312,3.41,3.41,11.683333333333334
99,chrome,windows,en-US,12,0,irlexp10_1,2022-03-09 15:18:09.849067,2022-03-09 15:21:03.565366,2022-03-09 15:34:14.525199,0.0,3,live,2293,methods_main,fruitbat,0,0,7,1,Wed Mar 09 2022 10:18:13 GMT-0500 (Eastern Standard Time),0.002,2_4_24,312,3.17,3.17,16.066666666666666
100,chrome,windows,en-US,12,0,irlexp10_1,2022-03-09 14:58:51.330794,2022-03-09 15:01:56.177709,2022-03-09 15:16:47.417040,0.0,3,live,2245,methods_main,fruitbat,0,0,7,1,Wed Mar 09 2022 09:58:54 GMT-0500 (Eastern Standard Time),0.002,2_4_24,312,3.21,3.21,17.933333333333334
101,firefox,windows,en-US,12,0,irlexp10_1,2022-03-09 14:53:25.938559,2022-03-09 14:53:35.555151,2022-03-09 15:06:48.065335,0.0,3,live,2247,methods_main,fruitbat,0,0,7,1,Wed Mar 09 2022 09:53:27 GMT-0500 (Eastern Standard Time),0.002,2_4_24,312,2.2,2.2,13.366666666666667
102,firefox,windows,en-US,13,0,irlexp10_1,2022-03-09 19:18:58.582312,2022-03-09 19:19:05.213468,2022-03-09 19:35:37.251578,0.0,3,live,2369,methods_main,reindeer,0,0,7,1,Wed Mar 09 2022 14:18:59 GMT-0500 (Eastern Standard Time),0.002,2_4_24,312,3.02,3.02,16.633333333333333
103,chrome,windows,en-US,13,0,irlexp10_1,2022-03-09 17:35:42.047672,2022-03-09 17:39:40.657238,2022-03-09 17:52:31.291066,0.0,3,live,2356,methods_main,reindeer,0,0,7,1,Wed Mar 09 2022 09:35:43 GMT-0800 (Pacific Standard Time),0.002,2_4_24,312,3.36,3.36,16.816666666666666
104,chrome,windows,en-US,13,0,irlexp10_1,2022-03-09 15:12:37.647981,2022-03-09 15:12:46.175857,2022-03-09 15:24:57.049432,0.0,3,live,2279,methods_main,reindeer,0,0,7,1,Wed Mar 09 2022 10:12:39 GMT-0500 (Eastern Standard Time),0.002,2_4_24,312,0.86,0.86,12.316666666666666
105,firefox,windows,en-US,13,0,irlexp10_1,2022-03-09 14:58:40.643810,2022-03-09 15:03:49.068865,2022-03-09 15:24:22.387965,0.0,3,live,2248,methods_main,reindeer,0,0,7,1,Wed Mar 09 2022 09:58:40 GMT-0500 (Eastern Standard Time),0.002,2_4_24,312,3.23,3.23,25.683333333333334
106,chrome,windows,en-US,13,0,irlexp10_1,2022-03-09 14:55:50.145108,2022-03-09 14:57:11.115337,2022-03-09 15:08:42.227817,0.0,3,live,2249,methods_main,reindeer,0,0,7,1,Wed Mar 09 2022 08:55:50 GMT-0600 (Central Standard Time),0.002,2_4_24,312,3.36,3.36,12.866666666666667
107,chrome,windows,en-US,13,0,irlexp10_1,2022-03-09 14:52:41.249802,2022-03-09 14:52:48.000618,2022-03-09 15:02:36.249666,0.0,3,live,2216,methods_main,reindeer,0,0,7,1,Wed Mar 09 2022 06:52:41 GMT-0800 (Pacific Standard Time),0.002,2_4_24,312,2.92,2.92,9.9
108,chrome,windows,en-US,14,0,irlexp10_1,2022-03-09 17:15:00.397029,2022-03-09 17:15:05.407049,2022-03-09 17:25:32.616222,0.0,3,live,2352,methods_main,bobcat,0,0,7,1,Wed Mar 09 2022 11:15:01 GMT-0600 (Central Standard Time),0.002,2_4_24,312,1.11,1.11,10.533333333333333
109,chrome,windows,en-US,14,0,irlexp10_1,2022-03-09 15:56:22.324167,2022-03-09 15:56:31.938024,2022-03-09 16:07:25.232620,0.0,3,live,2309,methods_main,bobcat,0,0,7,1,Wed Mar 09 2022 10:56:23 GMT-0500 (Eastern Standard Time),0.002,2_4_24,312,3.06,3.06,11.033333333333333
110,firefox,linux,en-US,14,0,irlexp10_1,2022-03-09 15:38:30.965262,2022-03-09 15:38:36.793173,2022-03-09 15:50:40.363382,0.0,3,live,2294,methods_main,bobcat,0,0,7,1,Wed Mar 09 2022 10:38:32 GMT-0500 (Eastern Standard Time),0.002,2_4_24,312,2.8,2.8,12.15
112,firefox,windows,en-US,14,0,irlexp10_1,2022-03-09 14:52:18.003029,2022-03-09 14:52:23.545734,2022-03-09 15:02:38.570707,0.0,3,live,2217,methods_main,bobcat,0,0,7,1,Wed Mar 09 2022 08:52:20 GMT-0600 (Central Standard Time),0.002,2_4_24,312,3.62,3.62,10.333333333333334
113,chrome,windows,en-US,15,0,irlexp10_1,2022-03-09 17:47:27.101427,2022-03-09 17:50:43.686386,2022-03-09 18:01:23.755434,0.0,3,live,2363,methods_main,fieldmouse,0,0,7,1,Wed Mar 09 2022 12:47:30 GMT-0500 (Eastern Standard Time),0.002,2_4_24,312,3.32,3.32,13.933333333333334
114,chrome,windows,en-US,15,0,irlexp10_1,2022-03-09 16:14:49.122579,2022-03-09 16:14:56.435541,2022-03-09 16:27:48.240071,0.0,3,live,2326,methods_main,fieldmouse,0,0,7,1,Wed Mar 09 2022 10:14:51 GMT-0600 (Central Standard Time),0.002,2_4_24,312,,,12.983333333333333
116,chrome,windows,en-US,15,0,irlexp10_1,2022-03-09 15:25:09.174078,2022-03-09 15:26:55.585241,2022-03-09 15:38:47.345801,0.0,3,live,2296,methods_main,fieldmouse,0,0,7,1,Wed Mar 09 2022 10:25:10 GMT-0500 (Eastern Standard Time),0.002,2_4_24,312,3.43,3.43,13.633333333333333
118,chrome,chromeos,en-US,15,0,irlexp10_1,2022-03-09 14:54:17.899501,2022-03-09 14:56:54.889589,2022-03-09 15:11:11.739850,0.0,3,live,2251,methods_main,fieldmouse,0,0,7,1,Wed Mar 09 2022 08:54:19 GMT-0600 (Central Standard Time),0.002,2_4_24,312,,,16.883333333333333
119,chrome,windows,en-US,16,0,irlexp10_1,2022-03-09 17:08:53.156493,2022-03-09 17:10:31.317967,2022-03-09 17:21:35.677921,0.0,3,live,2353,methods_main,hedgehog,0,0,7,1,Wed Mar 09 2022 12:08:42 GMT-0500 (Eastern Standard Time),0.002,2_4_24,312,2.98,2.98,12.7
120,chrome,macos,en-US,16,0,irlexp10_1,2022-03-09 15:18:30.067845,2022-03-09 15:21:40.743048,2022-03-09 15:38:59.048901,0.0,3,live,2297,methods_main,hedgehog,0,0,7,1,Wed Mar 09 2022 10:18:31 GMT-0500 (Eastern Standard Time),0.002,2_4_24,312,3.57,3.57,20.466666666666665
121,firefox,windows,en-US,16,0,irlexp10_1,2022-03-09 14:57:46.696694,2022-03-09 15:02:28.003168,2022-03-09 15:14:47.734339,0.0,3,live,2252,methods_main,hedgehog,0,0,7,1,Wed Mar 09 2022 09:57:47 GMT-0500 (Eastern Standard Time),0.002,2_4_24,312,3.58,3.58,17.016666666666666
123,chrome,windows,en-US,16,0,irlexp10_1,2022-03-09 14:56:28.233598,2022-03-09 14:58:14.124084,2022-03-09 15:09:53.544772,0.0,3,live,2254,methods_main,hedgehog,0,0,7,1,Wed Mar 09 2022 09:56:29 GMT-0500 (Eastern Standard Time),0.002,2_4_24,312,3.42,3.42,13.416666666666666
124,chrome,windows,en-US,17,0,irlexp10_1,2022-03-09 17:17:27.612332,2022-03-09 17:20:58.455101,2022-03-09 17:40:43.119322,0.0,3,live,2357,methods_main,bighorn,0,0,7,1,Wed Mar 09 2022 11:17:30 GMT-0600 (Central Standard Time),0.002,2_4_24,312,3.43,3.43,23.25
125,chrome,windows,en,17,0,irlexp10_1,2022-03-09 15:42:06.751869,2022-03-09 15:48:00.792111,2022-03-09 15:58:43.371195,0.0,3,live,2298,methods_main,bighorn,0,0,7,1,Wed Mar 09 2022 10:42:07 GMT-0500 (Eastern Standard Time),0.002,2_4_24,312,1.52,1.52,16.6
126,chrome,windows,en-US,17,0,irlexp10_1,2022-03-09 15:46:19.062897,2022-03-09 15:46:45.912642,2022-03-09 15:59:02.544250,0.0,3,live,2299,methods_main,bighorn,0,0,7,1,Wed Mar 09 2022 10:46:20 GMT-0500 (Eastern Standard Time),0.002,2_4_24,312,,,12.716666666666667
127,firefox,windows,en-US,17,0,irlexp10_1,2022-03-09 14:54:14.817772,2022-03-09 14:56:08.860741,2022-03-09 15:11:39.952000,0.0,3,live,2256,methods_main,bighorn,0,0,7,1,Wed Mar 09 2022 08:54:13 GMT-0600 (Central Standard Time),0.002,2_4_24,312,3.24,3.24,17.416666666666668
128,chrome,macos,en-US,17,0,irlexp10_1,2022-03-09 14:52:43.108110,2022-03-09 14:54:32.919695,2022-03-09 15:04:40.471928,0.0,3,live,2218,methods_main,bighorn,0,0,7,1,Wed Mar 09 2022 09:52:45 GMT-0500 (Eastern Standard Time),0.002,2_4_24,312,,,11.95
129,chrome,windows,en-US,18,0,irlexp10_1,2022-03-09 17:39:47.375995,2022-03-09 17:40:44.901215,2022-03-09 17:54:44.301478,0.0,3,live,2364,methods_main,chinchilla,0,0,7,1,Wed Mar 09 2022 12:39:52 GMT-0500 (Eastern Standard Time),0.002,2_4_24,312,3.35,3.35,14.933333333333334
130,chrome,chromeos,en-US,18,0,irlexp10_1,2022-03-09 17:28:33.218971,2022-03-09 17:28:41.706829,2022-03-09 17:41:10.478333,0.0,3,live,2358,methods_main,chinchilla,0,0,7,1,Wed Mar 09 2022 12:28:35 GMT-0500 (Eastern Standard Time),0.002,2_4_24,312,2.49,2.49,12.616666666666667
131,chrome,windows,en-US,18,0,irlexp10_1,2022-03-09 15:18:56.232705,2022-03-09 15:21:30.851529,2022-03-09 15:35:19.858102,0.0,3,live,2300,methods_main,chinchilla,0,0,7,1,Wed Mar 09 2022 09:18:58 GMT-0600 (Central Standard Time),0.002,2_4_24,312,0.96,0.96,16.383333333333333
132,chrome,windows,en-US,18,0,irlexp10_1,2022-03-09 15:02:55.789728,2022-03-09 15:03:01.421493,2022-03-09 15:16:45.029144,0.0,3,live,2257,methods_main,chinchilla,0,0,7,1,Wed Mar 09 2022 10:02:58 GMT-0500 (Eastern Standard Time),0.002,2_4_24,312,3.35,3.35,13.816666666666666
134,chrome,windows,en-US,18,0,irlexp10_1,2022-03-09 14:56:05.028508,2022-03-09 14:58:41.141683,2022-03-14 09:58:45.567450,0.0,3,live,2259,methods_main,chinchilla,0,0,7,1,Wed Mar 09 2022 09:56:06 GMT-0500 (Eastern Standard Time),0.002,2_4_24,312,2.66,2.66,2.6666666666666665
135,firefox,windows,en-US,19,0,irlexp10_1,2022-03-09 16:43:15.992966,2022-03-09 16:43:56.300217,2022-03-09 17:03:05.596100,0.0,3,live,2342,methods_main,porcupine,0,0,7,1,Wed Mar 09 2022 11:43:18 GMT-0500 (Eastern Standard Time),0.002,2_4_24,312,2.41,2.41,19.816666666666666
136,chrome,macos,en-US,19,0,irlexp10_1,2022-03-09 15:22:05.063631,2022-03-09 15:22:11.042808,2022-03-09 15:33:58.782474,0.0,3,live,2301,methods_main,porcupine,0,0,7,1,Wed Mar 09 2022 10:22:06 GMT-0500 (Eastern Standard Time),0.002,2_4_24,312,2.46,2.46,11.883333333333333
137,chrome,windows,en-US,19,0,irlexp10_1,2022-03-09 15:01:03.683684,2022-03-09 15:01:26.211302,2022-03-09 15:27:59.625049,0.0,3,live,2260,methods_main,porcupine,0,0,7,1,Wed Mar 09 2022 08:01:05 GMT-0700 (Mountain Standard Time),0.002,2_4_24,312,3.3,3.3,26.916666666666668
138,chrome,windows,en-US,19,0,irlexp10_1,2022-03-09 14:53:40.288915,2022-03-09 14:56:15.205379,2022-03-09 15:05:00.344087,0.0,3,live,2219,methods_main,porcupine,0,0,7,1,Wed Mar 09 2022 09:53:41 GMT-0500 (Eastern Standard Time),0.002,2_4_24,312,,,11.333333333333334
139,chrome,windows,en-US,19,0,irlexp10_1,2022-03-09 14:55:51.465132,2022-03-09 14:55:57.994961,2022-03-09 15:05:38.522045,0.0,3,live,2220,methods_main,porcupine,0,0,7,1,Wed Mar 09 2022 09:55:53 GMT-0500 (Eastern Standard Time),0.002,2_4_24,312,3.04,3.04,9.783333333333333
141,chrome,windows,en-US,20,0,irlexp10_1,2022-03-09 15:49:03.878416,2022-03-09 15:52:01.381737,2022-03-09 16:09:44.782062,0.0,3,live,2312,methods_main,guanaco,0,0,7,1,Wed Mar 09 2022 07:49:05 GMT-0800 (Pacific Standard Time),0.002,2_4_24,312,3.3,3.3,20.666666666666668
142,chrome,windows,en-US,20,0,irlexp10_1,2022-03-09 15:38:13.965413,2022-03-09 15:40:12.351997,2022-03-09 15:49:27.826665,0.0,3,live,2302,methods_main,guanaco,0,0,7,1,Wed Mar 09 2022 09:38:14 GMT-0600 (Central Standard Time),0.002,2_4_24,312,3.37,3.37,11.216666666666667
143,chrome,windows,en-US,20,0,irlexp10_1,2022-03-09 14:53:22.506610,2022-03-09 14:58:52.306797,2022-03-09 15:14:21.859439,0.0,3,live,2262,methods_main,guanaco,0,0,7,1,Wed Mar 09 2022 09:53:25 GMT-0500 (Eastern Standard Time),0.002,2_4_24,312,3.45,3.45,20.983333333333334
144,safari,macos,en-us,20,0,irlexp10_1,2022-03-09 14:54:50.825168,2022-03-09 14:55:00.571029,2022-03-09 15:11:14.743039,0.0,3,live,2263,methods_main,guanaco,0,0,7,1,Wed Mar 09 2022 09:54:52 GMT-0500 (EST),0.002,2_4_24,312,3.41,3.41,16.383333333333333
145,chrome,windows,en-US,21,0,irlexp10_1,2022-03-09 16:34:38.507432,2022-03-09 16:34:45.725117,2022-03-09 16:47:41.402709,0.0,3,live,2338,methods_main,walrus,0,0,7,1,Wed Mar 09 2022 10:34:41 GMT-0600 (Central Standard Time),0.002,2_4_24,312,1.64,1.64,13.033333333333333
146,chrome,windows,en-US,21,0,irlexp10_1,2022-03-09 15:24:56.153048,2022-03-09 15:25:02.152307,2022-03-09 15:36:23.280894,0.0,3,live,2303,methods_main,walrus,0,0,7,1,Wed Mar 09 2022 10:24:58 GMT-0500 (Eastern Standard Time),0.002,2_4_24,312,2.17,2.17,11.45
147,chrome,windows,en-US,21,0,irlexp10_1,2022-03-09 15:18:02.380580,2022-03-09 15:21:06.908462,2022-03-09 15:31:14.659405,0.0,3,live,2304,methods_main,walrus,0,0,7,1,Wed Mar 09 2022 10:18:04 GMT-0500 (Eastern Standard Time),0.002,2_4_24,312,2.94,2.94,13.2
148,chrome,windows,en-US,21,0,irlexp10_1,2022-03-09 15:02:40.742666,2022-03-09 15:02:47.632754,2022-03-09 15:11:45.843787,0.0,3,live,1762,methods_main,walrus,0,0,7,1,Wed Mar 09 2022 10:02:42 GMT-0500 (Eastern Standard Time),0.002,2_4_24,312,3.65,3.65,9.083333333333334
151,chrome,macos,en-US,22,0,irlexp10_1,2022-03-09 15:09:31.738389,2022-03-09 15:13:52.526022,2022-03-09 15:23:05.078119,0.0,3,live,2280,methods_main,dromedary,0,0,7,1,Wed Mar 09 2022 10:09:28 GMT-0500 (Eastern Standard Time),0.002,2_4_24,312,0.19,0.19,13.55
152,chrome,windows,en-US,22,0,irlexp10_1,2022-03-09 14:55:43.762349,2022-03-09 15:13:28.230610,2022-03-09 15:26:34.645171,0.0,3,live,2268,methods_main,dromedary,0,0,7,1,Wed Mar 09 2022 09:55:47 GMT-0500 (Eastern Standard Time),0.002,2_4_24,312,3.33,3.33,30.833333333333332
153,chrome,windows,en-US,22,0,irlexp10_1,2022-03-09 14:59:39.502371,2022-03-09 14:59:45.377523,2022-03-09 15:13:04.138771,0.0,3,live,1723,methods_main,dromedary,0,0,7,1,Wed Mar 09 2022 09:59:40 GMT-0500 (Eastern Standard Time),0.002,2_4_24,312,3.14,3.14,13.4
154,firefox,windows,en-US,22,0,irlexp10_1,2022-03-09 14:53:00.282057,2022-03-09 14:57:54.410864,2022-03-09 15:12:53.482154,0.0,3,live,2265,methods_main,dromedary,0,0,7,1,Wed Mar 09 2022 08:53:03 GMT-0600 (Central Standard Time),0.002,2_4_24,312,,,19.883333333333333
155,firefox,windows,en-US,23,0,irlexp10_1,2022-03-09 16:26:13.741786,2022-03-09 16:26:19.327192,2022-03-09 16:38:32.454125,0.0,3,live,2333,methods_main,aoudad,0,0,7,1,Wed Mar 09 2022 10:26:16 GMT-0600 (Central Standard Time),0.002,2_4_24,312,3.44,3.44,12.3
156,chrome,windows,en-US,23,0,irlexp10_1,2022-03-09 15:25:57.251016,2022-03-09 15:26:03.008170,2022-03-09 15:39:02.429502,0.0,3,live,2305,methods_main,aoudad,0,0,7,1,Wed Mar 09 2022 10:25:53 GMT-0500 (Eastern Standard Time),0.002,2_4_24,312,3.4,3.4,13.083333333333334
157,chrome,windows,en-US,23,0,irlexp10_1,2022-03-09 15:24:51.405644,2022-03-09 15:25:27.988627,2022-03-09 15:36:40.716171,0.0,3,live,2306,methods_main,aoudad,0,0,7,1,Wed Mar 09 2022 10:24:53 GMT-0500 (Eastern Standard Time),0.002,2_4_24,312,3.41,3.41,11.816666666666666
158,chrome,windows,en-US,23,0,irlexp10_1,2022-03-09 15:11:57.338565,2022-03-09 15:15:40.198249,2022-03-09 15:36:13.067395,0.0,3,live,2281,methods_main,aoudad,0,0,7,1,Wed Mar 09 2022 10:12:00 GMT-0500 (Eastern Standard Time),0.002,2_4_24,312,0.32,0.32,24.25
159,chrome,windows,en-US,23,0,irlexp10_1,2022-03-09 14:57:09.444881,2022-03-09 15:06:25.722579,2022-03-09 15:18:20.701184,0.0,3,live,2266,methods_main,aoudad,0,0,7,1,Wed Mar 09 2022 06:57:13 GMT-0800 (Pacific Standard Time),0.002,2_4_24,312,2.74,2.74,21.183333333333334
161,safari,macos,en-US,4,0,irlexp10_1,2022-03-09 14:56:57.392261,2022-03-09 14:57:04.418922,,0.0,2,live,2230,methods_main,guanaco,0,0,7,1,Wed Mar 09 2022 09:56:59 GMT-0500 (EST),0.002,2_4_24,312,,,
162,chrome,windows,en-GB,8,0,irlexp10_1,2022-03-09 15:01:48.456175,2022-03-09 15:02:22.756489,,0.0,2,live,2238,methods_main,weasel,0,0,7,1,Wed Mar 09 2022 18:02:08 GMT+0300 (East Africa Time),0.002,2_4_24,312,,,
164,safari,macos,en-US,15,0,irlexp10_1,2022-03-09 15:19:09.430411,2022-03-09 15:24:57.391108,,0.0,2,live,2311,methods_main,fieldmouse,0,0,7,1,Wed Mar 09 2022 10:19:11 GMT-0500 (EST),0.002,2_4_24,312,,,
172,chrome,windows,en-US,0,0,irlexp10_1,2022-03-09 20:09:24.608111,2022-03-09 20:10:37.518796,2022-03-09 20:26:17.158140,0.0,3,live,1731,methods_main_extension,hedgehog,0,0,7,1,Wed Mar 09 2022 14:09:28 GMT-0600 (Central Standard Time),0.002,2_4_24,312,3.44,3.44,16.866666666666667
174,chrome,windows,en-US,2,0,irlexp10_1,2022-03-10 03:08:43.673717,2022-03-10 03:08:48.772717,2022-03-10 03:18:56.597450,0.0,3,live,2372,methods_main_extension,chinchilla,0,0,7,1,Wed Mar 09 2022 22:08:45 GMT-0500 (Eastern Standard Time),0.002,2_4_24,312,3.29,3.29,10.2
175,chrome,windows,en-US,3,0,irlexp10_1,2022-03-09 21:42:23.965646,2022-03-09 21:42:32.634055,2022-03-09 21:54:05.015011,0.0,3,live,2373,methods_main_extension,porcupine,0,0,7,1,Wed Mar 09 2022 15:42:15 GMT-0600 (Central Standard Time),0.002,2_4_24,312,3.23,3.23,11.683333333333334
176,chrome,windows,en-US,6,0,irlexp10_1,2022-03-09 19:01:19.200393,2022-03-09 19:05:21.919262,2022-03-09 19:14:52.585671,0.0,3,live,1737,methods_main_extension,dromedary,0,0,7,1,Wed Mar 09 2022 14:01:20 GMT-0500 (Eastern Standard Time),0.002,2_4_24,312,2.11,2.11,13.55
177,firefox,windows,en-US,9,0,irlexp10_1,2022-03-09 19:06:55.023106,2022-03-09 19:24:00.697113,2022-03-09 19:50:57.411063,0.0,3,live,2368,methods_main_extension,rooster,0,0,7,1,Wed Mar 09 2022 13:06:58 GMT-0600 (Central Standard Time),0.002,2_4_24,312,3.39,3.39,44.03333333333333
178,chrome,windows,en-US,11,0,irlexp10_1,2022-03-09 19:35:14.300043,2022-03-09 19:36:15.098443,2022-03-09 19:47:02.475687,0.0,3,live,2370,methods_main_extension,iguana,0,0,7,1,Wed Mar 09 2022 13:35:15 GMT-0600 (Central Standard Time),0.002,2_4_24,312,3.39,3.39,11.8
179,chrome,windows,en-US,17,0,irlexp10_1,2022-03-09 20:37:40.474365,2022-03-09 20:39:25.023001,2022-03-09 20:51:12.911313,0.0,3,live,1754,methods_main_extension,bighorn,0,0,7,1,Wed Mar 09 2022 15:37:42 GMT-0500 (Eastern Standard Time),0.002,2_4_24,312,2.9,2.9,13.533333333333333
180,chrome,windows,en-US,19,0,irlexp10_1,2022-03-09 19:03:46.800682,2022-03-09 19:04:03.028770,2022-03-09 19:15:43.738416,0.0,3,live,2367,methods_main_extension,porcupine,0,0,7,1,Wed Mar 09 2022 14:03:48 GMT-0500 (Eastern Standard Time),0.002,2_4_24,312,,,11.933333333333334
181,chrome,windows,en-US,22,0,irlexp10_1,2022-03-09 23:01:41.659225,2022-03-09 23:01:53.485982,2022-03-09 23:11:23.565114,0.0,3,live,2374,methods_main_extension,dromedary,0,0,7,1,Wed Mar 09 2022 18:01:43 GMT-0500 (Eastern Standard Time),0.002,2_4_24,312,3.25,3.25,9.683333333333334
