trace_pid,$w_{back.}$ with $\beta$,"$w_{back.}, w_{depth}$ with $\beta$","$w_{back.}, w_{depth}, w_{dist.}$ with $\beta$","$w_{back.}, w_{depth}, w_{dist.}, w_{eff.}$ with $\beta$","$w_{back.}, w_{depth}, w_{dist.}, w_{forw.}$ with $\beta$","$w_{back.}, w_{depth}, w_{dist.}, w_{forw.}, w_{eff.}$ with $\beta$","$w_{back.}, w_{depth}, w_{eff.}$ with $\beta$","$w_{back.}, w_{depth}, w_{forw.}$ with $\beta$","$w_{back.}, w_{depth}, w_{forw.}, w_{eff.}$ with $\beta$","$w_{back.}, w_{dist.}$ with $\beta$","$w_{back.}, w_{dist.}, w_{eff.}$ with $\beta$","$w_{back.}, w_{dist.}, w_{forw.}$ with $\beta$","$w_{back.}, w_{dist.}, w_{forw.}, w_{eff.}$ with $\beta$","$w_{back.}, w_{eff.}$ with $\beta$","$w_{back.}, w_{forw.}$ with $\beta$","$w_{back.}, w_{forw.}, w_{eff.}$ with $\beta$",$w_{depth}$ with $\beta$,"$w_{depth}, w_{dist.}$ with $\beta$","$w_{depth}, w_{dist.}, w_{eff.}$ with $\beta$","$w_{depth}, w_{dist.}, w_{forw.}$ with $\beta$","$w_{depth}, w_{dist.}, w_{forw.}, w_{eff.}$ with $\beta$","$w_{depth}, w_{eff.}$ with $\beta$","$w_{depth}, w_{forw.}$ with $\beta$","$w_{depth}, w_{forw.}, w_{eff.}$ with $\beta$",$w_{dist.}$ with $\beta$,"$w_{dist.}, w_{eff.}$ with $\beta$","$w_{dist.}, w_{forw.}$ with $\beta$","$w_{dist.}, w_{forw.}, w_{eff.}$ with $\beta$",$w_{eff.}$ with $\beta$,$w_{forw.}$ with $\beta$,"$w_{forw.}, w_{eff.}$ with $\beta$",Null (Given Costs) with $\beta$
1723,-144.28794424241676,-144.50784674965496,-133.90878065124338,-130.3239439264944,-136.21136574423744,-132.62652901948843,-140.34474060004413,-140.54422353726858,-140.3039395691407,-131.60619555824934,-128.02135883350033,-133.90878065124338,-130.3239439264944,-145.8055889762986,-138.24163844427454,-138.00135447614664,-145.91718812069362,-131.8164854484183,-129.84095752573756,-134.11907054141233,-132.1435426187316,-147.08324441508245,-146.51743888980937,-148.8200239828034,-129.51390035542423,-127.53837243274351,-131.8164854484183,-129.84095752573756,-144.7806593220884,-144.21485379681533,-146.51743888980937,-146.26739596554722
1731,-116.29320369132687,-98.71882010391494,-100.83587335621355,-100.20294966695683,-101.45438601755103,-102.32000291925546,-98.0858964146582,-99.3373327652524,-100.20294966695683,-101.27135268728756,-98.0858964146582,-100.11635204353836,-100.20294966695683,-95.96884316235958,-97.99929879123974,-98.0858964146582,-104.07542194525765,-104.08839437303294,-98.77040844454035,-104.31892556632535,-100.88746169683898,-96.65335519224172,-105.94611996394852,-98.77040844454035,-101.97134112073431,-96.65335519224172,-102.20187231402673,-98.77040844454035,-94.5363019399431,-110.70683256251515,-96.65335519224172,-122.4226660564965
1737,-211.59782425590325,-208.3749828149693,-201.2812332249619,-203.4117288396863,-203.5084068730887,-205.63890248781308,-209.72886763845193,-210.60215646309604,-211.95604128657868,-201.76217022220197,-203.69821285372325,-203.98934387032872,-205.92538650185003,-212.71715478546142,-213.61472913660594,-214.76543092738987,-206.14780916684253,-199.05405957683516,-201.18455519155955,-201.2812332249619,-203.4117288396863,-207.50169399032518,-208.3749828149693,-209.72886763845193,-199.53499657407522,-201.4710392055965,-201.76217022220197,-203.69821285372325,-210.48998113733467,-211.3875554884792,-212.53825727926312,-209.3706506077765
1754,-134.76398081182248,-113.85959945824148,-104.2636213208515,-101.40924039428792,-104.0100443918998,-103.55447011486211,-110.81805388465862,-113.99042336008746,-112.96328360523282,-102.1183916002773,-99.26401067371373,-101.8648146713256,-101.40924039428792,-108.67282416408443,-117.31580462870589,-110.81805388465862,-115.45420083242506,-102.75224026421895,-99.26401067371373,-102.84217642957529,-101.40924039428792,-108.67282416408443,-116.63847053599179,-110.81805388465862,-100.60701054364475,-97.11878095313953,-100.6969467090011,-99.26401067371373,-106.52759444351022,-124.98165117607978,-108.67282416408443,-136.93599971144687
1762,-87.49754683174052,-89.69027739141809,-79.31279035959459,-81.51001493693082,-80.99251208700782,-83.18973666434404,-91.88750193158255,-91.8875019303748,-94.08472650771103,-77.11556578225837,-79.31279035959459,-78.7952875096716,-80.99251208700782,-89.69027735424633,-89.69027735303858,-91.8875019303748,-87.49305293784553,-79.8428852636904,-80.92535942353682,-82.04010984102662,-83.12258400087305,-89.69027735535737,-89.69027751518175,-91.88750193120808,-77.64566068635419,-78.7281348462006,-79.8428852636904,-80.92535942353682,-87.49305277802115,-87.4957765997422,-89.69027735387186,-85.30395305373791
2210,-296.3578171338666,-276.97238093795585,-278.1607260764773,-278.6308677899312,-279.077277301254,-279.9796030629859,-277.78165106140307,-277.46503646438936,-277.80896656470924,-291.6409148502023,-293.77272767950285,-282.78091637114824,-284.14970948799424,-298.2015666842384,-296.7208452194618,-298.63143207591395,-274.54636580599606,-275.7347109445175,-276.2048526579714,-276.6512621692942,-277.55358793102613,-275.3556359294432,-275.0390213324295,-275.38295143274945,-289.2148997182425,-291.346712547543,-280.3549012391884,-281.72369435603446,-295.7755515522786,-294.294830087502,-296.2054169439541,-293.93180200190676
2211,-130.78375004131152,-118.71775265591685,-120.91497723325307,-123.1122018105893,-123.1122018105893,-125.30942638792551,-120.91497723325307,-120.91497723325307,-123.1122018105893,-119.1236483919562,-121.32087296929241,-121.32087296929241,-123.51809754662864,-121.29733104576458,-120.61429663669713,-121.70964203816823,-121.70939160021176,-120.10826126442574,-122.30548584176195,-122.30548584176195,-124.50271041909818,-123.29362386264702,-123.90661617754797,-124.12675142278817,-117.91103668708952,-120.10826126442574,-120.10826126442574,-122.30548584176195,-121.09639928531081,-130.884601822736,-121.92952684545196,-134.64420845132076
2212,-129.93320518113927,-109.45973605911809,-104.7397540601579,-107.02192815589183,-106.24581178373028,-108.52798587946418,-108.15918640951011,-108.15950420729983,-110.44136050524403,-102.45757996442399,-104.7397540601579,-103.96363768799635,-106.24581178373028,-105.87701231377619,-105.92300111137106,-108.15918640951011,-107.19156661625823,-105.61800410858379,-106.96417190868355,-107.90017820431771,-109.24634600441748,-105.87701231377619,-105.92411365131225,-108.15918640951011,-103.33583001284987,-104.68199781294963,-105.61800410858379,-106.96417190868355,-103.59483821804227,-121.0903710588994,-105.87701231377619,-135.77029981989176
2213,-182.85372545617574,-173.03901765054425,-149.49679249335625,-147.61365009966445,-151.82377266843503,-147.51170640539056,-169.1209528537543,-169.40246241340458,-168.54930701790192,-147.1698123182775,-145.28666992458568,-149.49679249335625,-145.18472623031178,-180.46004122374046,-167.07548223832583,-166.22232684282315,-172.13074545729532,-147.1698123182775,-145.28666992458568,-149.49679249335625,-145.33539760022464,-173.61774281826607,-173.99109874132054,-175.9447229933448,-144.84283214319873,-142.95968974950694,-147.1698123182775,-143.00841742514586,-178.1330610486617,-171.66411856624177,-173.99109874132054,-183.31405106088593
2215,-129.0274072570189,-121.73187437485228,-120.09413832751932,-122.35503261604384,-122.35503261604384,-123.90928357067989,-123.29702034808531,-123.07371513776039,-125.33460942628491,-117.8332440389948,-120.09413832751932,-120.09413832751932,-121.64838928215536,-121.8619607906612,-120.81282084923588,-123.07371513776039,-129.13345594759753,-121.2788212734325,-123.53971556195702,-123.53971556195702,-125.80060985048154,-127.49139054585036,-131.39435023612202,-129.75228483437488,-119.01792698490797,-121.2788212734325,-121.2788212734325,-123.53971556195702,-125.23049625732584,-134.5143491299142,-127.49139054585036,-137.2999856501191
2216,-278.90146033349845,-274.27144105344775,-263.2914814772289,-264.48470812859233,-265.19028969554824,-266.5251360207121,-275.6184172037114,-275.5086244743828,-277.5295787753063,-261.1284893725376,-262.49471111366796,-262.86004720070594,-264.13139014932113,-280.63192433476735,-280.3586551500352,-281.45222426357657,-271.8776951820567,-260.89773560583785,-262.0909622572013,-262.7965438241572,-264.13139014932113,-273.2246713323204,-273.11487860299184,-275.13583290391523,-258.7347435011466,-260.10096524227697,-260.4663013293149,-261.7376442779301,-278.2381784633763,-277.97793939898213,-279.0584783921856,-276.50771446210746
2217,-106.11198439090545,-88.6784129201352,-90.8159897294845,-91.82838394250892,-91.39552024340894,-93.5608869135521,-89.74554788337936,-89.74563867842954,-91.91091455352253,-88.65062305934134,-89.66301727236575,-89.23015357326577,-91.39552024340894,-87.5801812132362,-87.59318651258744,-89.74554788337936,-86.51752827409108,-88.68289494423425,-89.74554788337936,-89.7590240022692,-91.91091455352253,-87.5801812132362,-87.59365733212604,-89.74554788337936,-89.10203052912046,-87.5801812132362,-90.09504680120193,-89.74554788337936,-85.41481454309303,-91.11357745462324,-87.5801812132362,-103.95029417751228
2218,-266.2173514368761,-268.5669496188317,-267.976809382021,-269.76804235391114,-270.3360588176686,-272.1272917895587,-270.126451655847,-270.92619905447924,-272.48570109149455,-265.61755994637343,-267.40879291826354,-267.976809382021,-269.76804235391114,-267.76720222019947,-268.5766008725236,-270.126451655847,-266.20770018318416,-265.61755994637343,-267.40879291826354,-267.976809382021,-269.76804235391114,-267.76720222019947,-268.5669496188317,-270.126451655847,-263.2583105107259,-265.049543482616,-265.61755994637343,-267.40879291826354,-265.4079527845519,-266.2173514368761,-267.76720222019947,-263.85810200122853
2219,-125.14977838686397,-119.27300470256114,-102.75145070863844,-102.95447383965225,-102.68862540639157,-103.86251393926625,-115.49131643198962,-113.18616374577198,-115.04847441079713,-105.6145826454402,-106.13381743627636,-100.60143177144376,-102.44807387901704,-118.0291160102251,-111.09897011082415,-113.18616374577198,-118.38216351420454,-100.66425707369062,-100.86728020470444,-100.60143177144376,-101.77532030431843,-114.52073491916042,-114.10305890557098,-116.1902525405188,-104.87059633218172,-104.04662380132854,-98.51423813649593,-100.60143177144376,-124.15075731879823,-116.77437198173355,-116.86160375639305,-132.64068313663944
2220,-410.082884086155,-412.77513161754956,-404.93550198478846,-407.30361295187265,-357.44307435242973,-355.56099488066906,-415.20692048463064,-366.8272117641154,-366.62890984154996,-402.24325445339394,-404.6113654204781,-354.75082682103516,-352.86874734927454,-412.51467295323613,-364.1349642327209,-363.9366623101554,-410.082884086155,-402.24325445339394,-404.6113654204781,-354.75082682103516,-352.86874734927454,-412.51467295323613,-364.1349642327209,-363.9366623101554,-399.5510069219994,-401.91911788908357,-352.05857928964065,-350.17649981787997,-409.82242542184156,-361.44271670132633,-361.24441477876087,-407.3906365547605
2221,-356.99026224626147,-353.4928711214252,-345.67320409227176,-348.10392482196903,-310.6329020201297,-310.08860341576326,-355.977641004157,-318.0798648651446,-317.8216680640812,-347.7268167453316,-350.21346770826426,-308.904843871319,-309.0683840269324,-359.52302014100354,-335.71711589329783,-338.2644766606429,-350.93989838447493,-343.12023135532144,-345.55095208501876,-308.0799292831794,-307.53563067881294,-353.4246682672067,-315.5268921281943,-315.26869532713096,-345.1738440083813,-347.66049497131394,-306.35187113436865,-306.5154112899821,-356.9700474040533,-333.16414315634756,-335.7115039236926,-354.43728950931114
2223,-202.46489369749912,-195.70151965647705,-184.32502595151234,-186.1267734354186,-186.58592024003687,-188.38766772394314,-197.02947690517098,-197.96241394500157,-199.03653681912584,-182.06413166298782,-183.8658791468941,-184.32502595151234,-186.1267734354186,-195.8258631790626,-198.03359890968258,-196.81907217031176,-197.91049624594598,-182.21051902360628,-184.100120306401,-184.4714133121308,-186.36101459492554,-195.3605552132934,-200.05709793800335,-197.5786678373342,-179.94962473508178,-181.83922601787648,-182.21051902360628,-184.100120306401,-193.91635018565265,-200.38213135151082,-195.50712597900076,-200.97311520588184
2224,-98.29502581066319,-75.90003673615966,-78.00979058874772,-76.53647417054668,-76.53679196077931,-78.64622802313474,-74.42672031795863,-74.42703810819125,-76.53647417054668,-87.02434652978575,-74.42672031795863,-74.4730556641866,-76.53647417054668,-72.31696646537057,-72.36330181159855,-74.42672031795863,-73.80428753639595,-75.91404138898399,-74.42672031795864,-74.47382052631167,-76.5364741705467,-72.31696646537058,-72.36406667372361,-74.42672031795864,-87.99314943979174,-72.31696646537058,-88.63429851439837,-74.42672031795864,-70.20721261278254,-87.70309199471518,-72.31696646537058,-104.6047227196309
2226,-143.775884941269,-138.9913915852773,-141.29397667827135,-140.5382934927789,-138.42011729994692,-138.13253490616088,-138.23570839978484,-136.11753220695286,-135.82994981316682,-145.44477788615072,-144.12275961027194,-136.11753220695286,-135.82994981316682,-141.8201745172779,-133.81494711395882,-133.52736472017278,-143.3657296276892,-145.66831472068324,-146.80268306215393,-147.97089981367728,-148.84927287992392,-144.5000979691599,-145.66831472068324,-146.54668778692985,-144.62439644884353,-144.5000979691599,-146.92698154183756,-146.54668778692985,-142.19751287616586,-145.42282983163278,-144.24410269393582,-148.7538684573306
2227,-253.70874727824,-251.6074089393567,-209.2371090312118,-210.06535026165704,-176.74910518457622,-177.1457188962405,-253.34545762245145,-211.79488273058067,-213.84330772640527,-208.52075577881894,-209.89565891489565,-174.41269076734528,-174.80930447900957,-255.21897906444374,-230.56185402725242,-226.85563225500877,-249.27099452212576,-206.90069461398082,-207.7289358444261,-174.41269076734528,-174.80930447900957,-251.00904320522048,-209.4584683133497,-211.50689330917433,-206.184341361588,-207.55924449766468,-172.0762763501143,-172.47289006177863,-252.8825646472128,-228.22543961002148,-224.5192178377778,-251.37233286100903
2228,-112.17427251060874,-95.2023974876347,-97.42372311587985,-99.645048744125,-99.645048744125,-101.86637437237017,-97.42372311587985,-97.42372311587985,-99.645048744125,-96.42255118472858,-98.64387681297373,-98.64387681297373,-100.86520244121888,-99.39819384191233,-98.03199005960212,-100.25327028896193,-92.99003578816098,-95.21136141640613,-97.43268704465129,-97.43268704465129,-99.65401267289644,-95.21136141640613,-95.21136141640613,-97.43268704465129,-97.41248187359676,-99.21704846771803,-99.63380750184191,-100.25344946678119,-97.17686882450084,-102.1862052351526,-98.03212383853604,-109.956487534847
2229,-128.7220662647124,-112.6615940000624,-114.87101430396069,-114.31772354475753,-116.09330340241155,-116.52714384865583,-112.10830324085923,-113.88388309851325,-114.31772354475753,-121.12996528094871,-112.10830324085923,-116.03853958831665,-114.31772354475753,-109.89888293696093,-113.82911928441835,-112.10830324085923,-114.01594300638924,-116.22536331028753,-112.10830324085923,-118.04017659466868,-114.31772354475753,-109.89888293696093,-115.83075629077038,-112.10830324085923,-119.49373957816675,-109.89888293696093,-120.39631859218153,-112.10830324085923,-107.68946263306263,-121.38735886023427,-109.89888293696093,-130.9836123921829
2230,-123.85441247084782,-115.03317713921423,-117.26035078734098,-119.48752443546773,-114.84499881061929,-117.07217245874604,-117.26035078734098,-112.61782516249254,-114.84499881061929,-118.71559684536595,-118.96308329006673,-112.61782516249254,-114.84499881061929,-116.73590964193998,-110.39065151436579,-112.61782516249254,-115.44621123541766,-117.67338488354443,-119.76907025018258,-119.90055853167118,-119.06166075781788,-117.54189660205583,-117.67338488354443,-116.83448710969112,-116.48842319723919,-117.54189660205583,-118.70126429136995,-116.83448710969112,-115.31472295392906,-117.24250600128124,-114.60731346156437,-124.94656825975284
2231,-298.9060904397823,-299.6319182458326,-282.91663214993173,-284.0276112142524,-262.7461462515483,-263.794153283877,-301.8106799667461,-278.9047419272441,-281.13984587021395,-280.4828649247039,-281.5938439890246,-260.3123790263205,-261.36038605864917,-300.7966986269478,-279.4203633161382,-280.7024628097607,-297.1990771848043,-280.4828649247039,-281.5938439890246,-260.3123790263205,-261.36038605864917,-299.37691274151825,-276.4709747020163,-278.7060786449862,-278.04909769947614,-279.1600767637968,-257.8786118010927,-258.9266188334214,-298.36293140172,-276.98659609091044,-278.26869558453285,-296.4723232145545
2232,-96.17495933979653,-70.9051898273926,-56.29041644539333,-58.1348561724503,-58.13452821784048,-59.97893216186314,-62.930651970007,-59.22410303609484,-61.06846394344299,-66.00311607484545,-64.31759037835029,-66.05355660197091,-60.35648687041726,-82.91058410550909,-84.60293672561274,-62.930643854150375,-69.1723434073807,-54.5112575462739,-56.355697273330875,-56.355697273330875,-58.13572416920511,-61.086533570238245,-57.678053032010155,-59.22451465900244,-70.19850303594919,-62.47341631006463,-64.52994426107911,-58.51223843553287,-86.8458888455258,-92.19723721310592,-61.08949151536016,-100.62110953869505
2233,-196.55371771810383,-193.8620324926214,-170.52951854860748,-172.28193383727168,-169.58151297737214,-171.40408783858143,-194.86798847719032,-186.61044524128155,-186.1744773862468,-168.33850523127055,-170.09092051993474,-167.3904996600352,-169.2130745212445,-197.6112045362093,-190.08351587202313,-184.4273774538681,-192.5213405326631,-168.33850523127055,-170.09092051993474,-167.3904996600352,-169.2130745212445,-192.67697515985338,-185.77986561612425,-183.98346406890985,-166.1474919139336,-167.8999072025978,-165.19948634269826,-167.02206120390755,-196.1640667781913,-188.02904010920608,-182.23636413653117,-195.13053009396842
2234,-77.73592361924331,-79.85554101577515,-71.20682367774826,-73.05930580359392,-72.3245442421587,-74.44879186318337,-81.97978862629307,-81.97978862495687,-84.10403624598155,-69.08257605672358,-70.93505818256924,-70.20029662113402,-72.3245442421587,-79.85554100526839,-79.85554100393219,-81.97978862495687,-77.7312935184223,-71.79416449862276,-71.75352768088668,-73.16601968384408,-73.87777530191136,-79.85554100649053,-79.85554113944698,-81.97978862579016,-69.66991687759808,-69.629280059862,-71.0417720628194,-71.75352768088668,-77.73129338546585,-77.73401719320631,-79.85554100476548,-75.61566982598782
2235,-148.7438847994868,-150.9768388588141,-135.92669146027387,-136.0930494945897,-138.15964551960116,-138.326003553917,-148.18445625346303,-149.56645567391323,-150.4174103127903,-133.69373740094656,-133.86009543526242,-135.92669146027387,-136.0930494945897,-145.95150219413574,-147.33350161458594,-148.18445625346303,-153.18210682761458,-133.69373740094656,-135.06627210987673,-135.92669146027387,-137.29922616920402,-146.4447462175741,-154.56808490122094,-148.6777002769014,-131.46078334161928,-132.83331805054942,-133.69373740094656,-135.06627210987673,-144.21179215824682,-152.33513084189366,-146.4447462175741,-150.94915276828726
2236,-355.56674162444824,-353.6362261940925,-345.4205544885868,-347.8595392338001,-300.8667422981434,-300.69029268477505,-356.12936127070424,-315.4131680673351,-315.3795890596951,-345.9020745925851,-348.3957975035038,-298.3168090842313,-298.59000358882156,-358.10695247252113,-326.91788509050616,-329.46781830441824,-351.0862929801804,-342.8706212746747,-345.309606019888,-298.3168090842313,-298.1403594708629,-353.57942805679215,-312.863234853423,-312.829655845783,-343.352141378673,-345.8458642895917,-295.7668758703192,-296.0400703749095,-355.55701925860905,-324.3679518765941,-326.91788509050616,-353.0168084105361
2237,-282.4444223734699,-281.04901623367545,-261.1182161193107,-262.03647678031257,-263.4658082562194,-264.2568518890277,-282.9920292430302,-274.5085059759277,-276.33305811825437,-258.65822565639667,-259.57648631739846,-261.0058177933053,-261.79686142611365,-284.5861931664396,-272.0485155130136,-273.8730676553403,-282.39093977499016,-259.07477123734753,-260.15271697321674,-261.5347617002616,-262.5513396013087,-284.75775693872407,-278.5690303380543,-281.00927523261214,-256.6147807744335,-257.6927265103027,-259.07477123734753,-260.09134913839466,-283.17786230871116,-276.1090398751402,-278.5492847696981,-281.41243187595467
2238,-55.210795443452646,-4.4935984103309865,-5.991464547107982,-7.489330683884977,-7.489330683884977,-8.987196820661973,-5.991464547107982,-5.991464547107982,-7.489330683884977,-4.4935984103309865,-5.991464547107982,-5.991464547107982,-7.489330683884977,-55.046581920304135,-55.27672580130949,-5.991464794446415,-2.995732273553991,-4.4935984103309865,-5.991464547107982,-5.991464547107982,-7.489330683884977,-4.4935984103309865,-4.4935984103309865,-5.991464547107982,-2.995732273553991,-4.4935984103309865,-4.4935984103309865,-5.991464547107982,-54.37523516465019,-54.62949522105497,-4.49359865766942,-54.54505072432363
2239,-132.1862082515353,-134.4578556426703,-136.72950303380532,-136.8593887872359,-136.7729344944495,-139.04458188558448,-134.5877413961009,-134.5012871033145,-136.7729344944495,-134.4578556426703,-134.5877413961009,-134.5012871033145,-136.7729344944495,-132.31609400496592,-132.22963971217948,-134.5012871033145,-144.25376743486365,-146.52541482599864,-140.65254336560477,-148.79706221713366,-142.92419075673976,-138.38089597446975,-146.52541482599864,-140.65254336560477,-144.25376743486365,-138.38089597446975,-146.52541482599864,-140.65254336560477,-136.10924858333476,-144.25376743486365,-138.38089597446975,-141.98212004372863
2240,-133.68872945527153,-106.48015957386205,-104.49622322164386,-103.78853408694667,-102.49374258094534,-104.64577512754744,-101.63650154034458,-100.34171003434327,-102.49374258094534,-110.65008700361514,-102.7291178239175,-100.34171003434327,-102.49374258094534,-100.57708527731542,-98.18967748774118,-100.34171003434327,-109.71307219308983,-103.72823047107745,-103.19522089025818,-105.88026301767954,-102.49374258094534,-101.0431883436561,-107.26258384159034,-100.34171003434327,-110.54987083323205,-101.0431883436561,-104.34210214434566,-100.34171003434327,-98.89115579705401,-105.65155521308577,-98.18967748774118,-137.63465687270389
2241,-392.13423294960427,-384.0907090828526,-386.1183641744942,-388.57549828055727,-370.87853820275956,-368.38414254527515,-386.59279744182686,-368.2792896871266,-365.78489402964226,-392.6597822987037,-395.16698876832703,-388.342428341956,-390.84180152164527,-394.6927345419612,-387.4465709833266,-389.9983344420052,-381.4914605672197,-383.5191156588613,-385.9762497649243,-368.2792896871266,-365.78489402964226,-383.99354892619397,-365.6800411714937,-363.1856455140093,-390.0605337830708,-392.56774025269414,-385.7431798263231,-388.2425530060123,-392.0934860263283,-384.8473224676937,-387.3990859263723,-389.5349844339713
2242,-343.3554140473952,-345.8930009550121,-322.53773597425004,-323.24439694224924,-317.7685160758606,-318.2425494342671,-348.41099989134875,-326.87221679057194,-328.96621124084425,-320.0001490666331,-320.7068100346323,-315.2309291682437,-315.7049625266502,-345.87341298373184,-324.334629882955,-326.42862433322733,-343.95684010968296,-320.0001490666331,-320.7068100346323,-315.2309291682437,-315.7049625266502,-346.4801560559838,-324.5406905904853,-326.7052982037122,-317.4625621590162,-318.1692231270154,-312.69334226062676,-313.1673756190333,-343.9425691483669,-322.0031036828684,-324.16771129609526,-341.41925320206605
2243,-188.67445384263908,-187.12923816990332,-186.57321590573096,-182.46250820295066,-185.98096596732447,-183.9667916980224,-183.7607547261184,-183.63072578442825,-182.70647956555325,-184.22297572283475,-180.11226802005444,-183.63072578442825,-181.6165515151262,-191.02469402553527,-181.28048560153204,-180.35623938265704,-187.0927273265948,-184.22297572283475,-181.06197219183593,-186.57321590573096,-183.41221237473215,-187.1590264764303,-187.6011352809414,-189.50926665932653,-181.87273553993856,-178.71173200893972,-184.22297572283475,-181.06197219183593,-189.65955202838552,-185.25089509804522,-187.6011352809414,-188.71320670400078
2244,-130.81794457405135,-119.14887091526819,-93.53314350267487,-95.75446913092003,-93.89388774726467,-94.08807546932931,-121.37019654351334,-115.96844453561977,-116.51786991507154,-91.31181787442972,-93.53314350267487,-91.67256211901952,-91.86674984108416,-122.03296880606446,-113.74711890737461,-114.29654428682639,-118.3696290851818,-91.31181787442972,-93.53314350267487,-91.67256211901952,-93.42574132642181,-120.59095471342695,-119.48562203596259,-118.54744320704702,-89.09049224618457,-91.31181787442972,-89.45123649077436,-91.20441569817666,-119.8116431778193,-117.26429640771744,-116.32611757880187,-130.99936979551518
2245,-196.314571221223,-188.6635960393252,-183.78338892808824,-185.73435045231025,-185.27557343319404,-187.50852749252135,-190.3126185884768,-189.19654202641246,-190.41912893978125,-181.55043486876096,-183.50139639298297,-183.04261937386676,-185.27557343319404,-189.5899309615276,-187.77860916943567,-188.18617488045396,-192.7570655471857,-182.38102792866692,-184.13030384319327,-184.4359177493195,-186.36325790252056,-189.40543547460496,-193.9204767930686,-190.20542561146365,-180.14807386933964,-181.897349783866,-182.2029636899922,-184.13030384319327,-188.08480886914094,-191.997717300954,-187.97247155213637,-195.72762047623473
2247,-209.10886093409766,-205.86866634390364,-195.3023229664676,-197.5044427956197,-196.7042262674805,-198.68174241207595,-204.98263115286412,-201.038365865827,-202.1738402464431,-193.0468932132092,-195.24901304236127,-194.44879651422207,-196.42631265881752,-203.00954547217563,-198.78293611256856,-199.91841049318467,-210.1695407861122,-195.2120708483243,-197.1008406802518,-197.41541316571977,-199.35627043351022,-204.9774652719322,-209.77256650835668,-205.56338834570954,-192.95664109506586,-194.84541092699337,-195.15998341246134,-197.1008406802518,-202.72203551867378,-207.51713675509825,-203.30795859245112,-210.22285868713254
2248,-125.53075012162321,-102.32079986581044,-103.71427067562429,-102.61831912102578,-102.35499821763334,-103.78595089557362,-100.5159728113303,-100.25265190793786,-101.68360458587813,-105.45515672901224,-102.09059132303558,-100.2764129816411,-102.37875929133658,-99.98824501334009,-98.17406667194561,-100.2764129816411,-103.68648612939279,-101.6119243659288,-100.8085932112068,-103.45757350940562,-102.91093952090228,-98.7062469015113,-102.34130773767052,-100.8085932112068,-103.97120726015969,-99.98824501334009,-101.35522719971013,-100.9547044536039,-97.88589870364461,-109.22988433125064,-98.8523581439084,-127.96857146295224
2249,-116.3219045806211,-95.37542606862515,-97.5664393859621,-97.56059433513016,-97.56077592282602,-99.7516076524671,-95.36958101779322,-95.36976260548909,-97.56059433513016,-106.9814815282569,-95.36958101779322,-95.39598659108506,-97.56059433513016,-93.17856770045627,-93.20497327374812,-95.36958101779322,-93.193376675798,-95.38438999313495,-95.36958101779322,-95.39653277261914,-97.56059433513016,-93.17856770045627,-93.20551945528219,-95.36958101779322,-107.39347386456117,-93.17856770045627,-104.57376468540258,-95.36958101779322,-90.98755438311933,-102.38275136806564,-93.17856770045627,-121.74229639496646
2251,-386.5735214842813,-381.5619396893442,-377.8278326891065,-380.2530424577235,-371.232820097032,-370.6244972521651,-384.0515737076312,-368.6308167534936,-368.0224939086267,-381.1116769095996,-383.6026080596761,-377.1538200522628,-379.6353556196912,-389.1194824920058,-382.1786244463732,-384.71649117656256,-378.9599363458058,-375.2258293455681,-377.6510391141851,-368.6308167534936,-368.0224939086267,-381.4495703640928,-366.0288134099552,-365.4204905650883,-378.5096735660612,-381.0006047161377,-374.5518167087244,-377.0333522761528,-386.5174791484674,-379.5766211028348,-382.11448783302416,-383.9715181407429
2252,-107.44693950058414,-86.37664744767154,-88.52867999427363,-88.48377926641388,-88.48396085376615,-90.63581181301598,-86.3317467198118,-86.33192830716406,-88.48377926641388,-101.88304344774873,-86.3317467198118,-86.35822720311856,-88.48377926641388,-84.17971417320972,-84.20619465651647,-86.3317467198118,-84.2335788255774,-86.38561137217948,-86.33174671981182,-86.35869842329383,-88.4837792664139,-84.17971417320973,-84.20666587669174,-86.33174671981182,-102.50285102110321,-84.17971417320973,-95.57498606782741,-86.33174671981182,-82.02768162660765,-93.42295352122532,-84.17971417320973,-113.25496256387213
2254,-103.47697963029235,-82.17736500927171,-84.29441826157034,-84.21454277344584,-84.21472436732456,-86.33159602574447,-82.09748952114721,-82.09767111502593,-84.21454277344584,-92.68781336626398,-82.09748952114721,-82.12396546368431,-84.21454277344584,-79.98043626884859,-80.0069122113857,-82.09748952114721,-80.06927568152545,-82.18632893382409,-82.09748952114721,-82.12444219981329,-84.21454277344584,-79.98043626884859,-80.00738894751467,-82.09748952114721,-93.375927673299,-79.98043626884859,-91.37570362922361,-82.09748952114721,-77.86338301654996,-89.25865037692499,-79.98043626884859,-109.7650436738316
2256,-323.496385200289,-326.1038530790935,-319.24698841933207,-314.92069919695354,-321.85445629813654,-317.528167075758,-322.530631801196,-328.711320957898,-324.7694484019393,-316.63952054052754,-312.31323131814906,-319.24698841933207,-314.92069919695354,-319.9231639223915,-326.1038530790935,-322.16198052313484,-332.82234543930394,-335.4298133181084,-312.31323131814906,-338.03728119691294,-314.92069919695354,-329.7470703352709,-335.4298133181084,-332.35453821407543,-332.82234543930394,-309.70576343934454,-335.4298133181084,-312.31323131814906,-327.13960245646643,-332.82234543930394,-329.7470703352709,-330.2148775604994
2257,-143.88541335122784,-128.1416719046518,-115.49112459434853,-115.59786516192428,-117.72979300158764,-117.83653356916338,-126.04801356299308,-130.38034031189088,-128.28668197023217,-113.25245618710943,-113.35919675468517,-115.49112459434853,-115.59786516192428,-123.80934515575397,-132.42283190267085,-126.04801356299308,-130.52704831119243,-114.05997989973183,-113.35919675468517,-116.29864830697093,-115.59786516192428,-123.80934515575397,-132.76571671843152,-126.04801356299308,-111.82131149249273,-111.12052834744607,-114.05997989973183,-113.35919675468517,-121.57067674851487,-142.00908436940423,-123.80934515575397,-146.5146912171296
2259,-348.4328565071314,-351.07699002247864,-347.3836383440599,-346.82718351535914,-350.02777185940715,-349.4713170307064,-352.2269734738922,-353.41237137353244,-353.84867116727816,-344.7395048287126,-344.18305000001186,-347.3836383440599,-346.82718351535914,-349.5828399585449,-350.76823785818516,-351.2045376519309,-371.4716986101928,-364.9222881635291,-358.5138955098243,-367.5664216788764,-361.1580290251716,-368.8462646205731,-374.11583212554,-368.3451392431298,-362.2781546481819,-355.869761994477,-364.9222881635291,-358.5138955098243,-366.2021311052259,-371.4716986101928,-365.7010057277825,-368.8275650948455
2260,-153.66390461676488,-145.19297971598883,-147.5151751655595,-148.0047544828278,-142.6270740128753,-144.94926946244598,-145.6825590332571,-140.3048785633046,-142.6270740128753,-148.9811936030728,-149.16129803432884,-140.3048785633046,-142.6270740128753,-146.83910258475817,-137.98268311373394,-140.3048785633046,-146.75329509419342,-149.07549054376412,-150.29793467645334,-151.3976859933348,-150.44527588534737,-147.97573922688267,-149.07549054376412,-148.12308043577667,-147.0478332324945,-147.97573922688267,-149.3700286820652,-148.12308043577667,-145.65354377731197,-149.14747347430597,-145.800884986206,-155.24259426308927
2262,-106.29224841938779,-90.17954717660768,-84.3550682934201,-85.58834178695086,-84.9547881423832,-87.10001786295739,-90.16617984467617,-91.5489168829286,-92.31140956525036,-82.20983857284591,-83.44311206637667,-82.809558421809,-84.9547881423832,-88.32546580481743,-89.47802169086579,-90.47069552539162,-95.48587785136446,-85.03606245480745,-84.3888059907986,-86.15695328793487,-86.5340357113728,-88.02095012425168,-92.95548993791111,-90.16617984482588,-82.89083273423324,-82.24357627022441,-84.01172356736068,-84.3888059907986,-86.83502309164508,-102.09085780024343,-88.98025281221929,-112.45263706842803
2263,-125.48443720629915,-105.82023132639887,-108.07013616156401,-110.32004099672915,-110.32004099672915,-112.56994583189427,-108.07013616156401,-108.07013616156401,-110.32004099672915,-106.59283777593711,-108.84274261110225,-108.84274261110225,-111.09264744626739,-111.70416448576435,-110.31564269028712,-112.06979979522274,-103.58881305203778,-105.8387178872029,-108.08862272236804,-108.08862272236804,-110.33852755753318,-105.8387178872029,-105.8387178872029,-108.08862272236804,-107.7166802942413,-109.96658512940644,-109.96658512940644,-112.21648996457156,-110.31160183232423,-122.09569014174227,-111.19867225735297,-131.77345073924124
2265,-113.7404045005206,-108.99150698545695,-111.20092728935525,-113.41034759325355,-110.60020726909961,-112.28945067059087,-111.20092728935525,-108.39078696520131,-110.08003036669257,-115.9498248044189,-114.30266599498768,-108.39078696520131,-110.08003036669257,-112.09324569108938,-106.18136666130302,-107.87061006279427,-111.42959172668924,-113.63901203058754,-115.73809455493148,-115.84843233448584,-115.1263110736101,-113.52867425103318,-113.63901203058754,-112.9168907697118,-113.7404045005206,-113.89316178662962,-115.25799169753262,-112.9168907697118,-111.68374148273132,-113.04857139363432,-110.7074704658135,-111.5309841966223
2266,-146.4650044460119,-131.77692089942607,-121.7315417238105,-123.95871537193725,-123.33999751857779,-125.56717116670454,-133.078556346741,-131.91844741714226,-133.22719857135584,-119.50436807568374,-121.7315417238105,-121.11282387045104,-123.33999751857779,-130.85138269861426,-129.6912737690155,-131.0000249232291,-132.55925571877503,-119.55391172306331,-121.78108537119006,-121.65357483881081,-123.88074848693756,-130.85138269861426,-134.78642936690179,-132.25691699941632,-117.32673807493654,-119.55391172306331,-119.42640119068406,-121.65357483881081,-128.6242090504875,-137.65097100834404,-130.02974335128957,-147.3469848576021
2268,-147.8245084117244,-127.64737544231598,-118.2319357376972,-116.5426239650665,-117.31994148768129,-118.7520442689648,-124.98230129236852,-127.52715487302088,-127.19172159626682,-116.0225154337989,-114.3332036611682,-115.11052118378299,-116.5426239650665,-122.77288098847022,-127.34376533090845,-124.98230129236852,-129.5654991328704,-116.69799066225269,-114.3332036611682,-116.25592886560351,-116.5426239650665,-122.77288098847022,-131.19148409917443,-124.98230129236852,-114.4885703583544,-112.1237833572699,-114.04650856170521,-114.3332036611682,-120.56346068457192,-135.6168533441609,-122.77288098847022,-149.8526217837927
2271,-123.65712568226252,-109.1787766210707,-94.59452925179741,-96.77925317803093,-95.0786500466098,-96.73644185380135,-111.3635005473042,-106.18307224413655,-107.65440933583868,-92.40980532556391,-94.59452925179741,-92.89392612037628,-94.55171792756784,-112.09042831710096,-103.99834831790305,-105.46968540960516,-110.27360630258691,-92.6055585099843,-94.79028243621781,-93.3870008275117,-95.57172475374522,-112.2003561317367,-112.45833022882043,-110.25569065953601,-90.42083458375079,-92.6055585099843,-91.2022769012782,-93.3870008275117,-110.01563220550318,-112.24978260368306,-108.07096673330251,-125.79400055779232
2272,-152.46159854197995,-154.81183872487614,-157.16207890777235,-159.51231909066857,-159.51231909066857,-161.86255927356478,-157.16207890777235,-157.16207890777235,-159.51231909066857,-154.81183872487614,-157.16207890777235,-157.16207890777235,-159.51231909066857,-154.81183872487614,-154.81183872487614,-157.16207890777235,-165.93953926999006,-168.28977945288625,-164.41671881550795,-170.64001963578247,-166.76695899840416,-162.06647863261173,-168.28977945288625,-164.41671881550795,-165.93953926999006,-162.06647863261173,-168.28977945288625,-164.41671881550795,-159.71623844971555,-165.93953926999006,-162.06647863261173,-163.58929908709385
2273,-125.43954765786825,-107.7497473221807,-100.42298378637251,-100.45527923565115,-100.27900486823486,-102.43103741483694,-107.81750097040658,-108.58196841261275,-109.87638500037033,-98.27095123977043,-98.30324668904908,-98.12697232163278,-100.27900486823486,-105.6654684238045,-107.40258380531507,-107.72435245376826,-109.94848674036014,-99.03795643180756,-98.30324668904908,-99.17576452106726,-100.45527923565115,-105.6654684238045,-111.80041160900547,-107.81750097040658,-96.88592388520547,-96.15121414244699,-97.02373197446518,-98.30324668904908,-103.51343587720241,-116.07577107407485,-105.6654684238045,-128.41867991512285
2275,-131.11673305993273,-112.49485227955303,-114.7391704644191,-109.91637238146771,-114.61342008837414,-112.16069056633378,-107.67205419660165,-112.36910190350808,-109.91637238146771,-118.05592692126484,-110.76613950457306,-112.36910190350808,-113.01045768943914,-108.52182131970699,-110.124783718642,-110.76613950457306,-118.00022145993807,-120.24453964480415,-107.67205421325198,-112.62176446163798,-109.91637239811806,-105.42773602838591,-110.3774462767719,-107.67205421325198,-118.71235675922911,-109.29966824256648,-119.79427067697588,-111.54398642743256,-107.05535005770041,-124.21658668809957,-109.29966824256648,-135.9566167593913
2276,-106.84586278673305,-89.41238209689847,-89.91439083732787,-91.27218980312226,-90.61216473193439,-92.77753140207754,-90.47949360204028,-90.47958439983839,-92.64486027218345,-87.74902416718471,-89.10682313297909,-88.44679806179121,-90.61216473193439,-88.31412693189712,-88.32715568766059,-90.47949360204028,-87.25149745087306,-89.41686412101623,-90.06563998049914,-90.49297013152265,-92.23100665064231,-88.31412693189712,-88.3276034613795,-90.47949360204028,-88.53427948704673,-87.90027331035598,-89.6699774297905,-90.06563998049914,-86.14876026175395,-91.84754663244459,-88.31412693189712,-104.68426335877064
2277,-135.7571031576923,-116.26898255841651,-91.44143961062069,-91.69175407837055,-91.36937055521052,-93.60803896244963,-116.90466755688783,-117.10844121871037,-119.14333596412693,-89.20277120338159,-89.45308567113145,-89.13070214797142,-91.36937055521052,-114.66599914964873,-116.3878806138076,-116.90466755688783,-121.89335456401545,-92.0099834732722,-90.46653197035043,-92.65847231252766,-92.70520037758953,-115.45344806669695,-124.13202297125456,-117.69211647393605,-89.7713150660331,-88.22786356311133,-90.41980390528856,-90.46653197035043,-113.21477965945785,-130.20719421856825,-115.45344806669695,-141.58971584352776
2278,-77.35693716092015,-79.46931479954739,-71.82215391887479,-72.45344650149731,-72.19421242105047,-74.3112656733491,-81.586368037815,-81.58636803646561,-83.70342128876425,-69.70510066657616,-70.33639324919868,-70.07715916875183,-72.19421242105047,-79.46931478551639,-79.46931478416698,-81.58636803646561,-77.35226167094376,-72.57588345597725,-71.22585149296542,-73.2477452310666,-73.34290474526405,-79.46931478673852,-79.4693149232424,-81.5863680372989,-70.45883020367863,-69.10879824066679,-71.13069197876797,-71.22585149296542,-77.3522615344399,-77.35498534560242,-79.46931478500028,-75.24387773226879
2279,-102.87742997065826,-75.17385688489976,-59.37983679085686,-60.806937848919965,-56.93283640681963,-58.37240985170767,-70.85437344000619,-62.714808520547784,-62.501081688312155,-92.13373826760763,-83.9462384894,-72.63475469458933,-69.51592975886275,-103.15765377492332,-102.05275119218587,-98.8621526015207,-73.35506380503656,-57.561043710993665,-58.988144769056774,-55.11404332695644,-56.553616771844474,-69.035580360143,-60.89601544068459,-60.682288608448964,-90.31494518774443,-82.12744540953682,-70.81596161472615,-67.69713667899956,-101.33886069506012,-100.23395811232267,-97.04335952165751,-101.05863689079507
2280,-115.07522058738007,-85.54836124772481,-74.62965220869536,-76.01030549719863,-69.21344308853243,-70.67600292063081,-83.36772066597271,-71.27679214957288,-72.56458379619299,-109.83204887639242,-102.9020055977822,-87.39331135863142,-86.3203979248514,-115.45907942495151,-113.9959399364189,-112.81717815334876,-83.66776118987804,-72.74905215084858,-74.12970543935185,-67.33284303068565,-68.79540286278403,-81.48712060812593,-69.3961920917261,-70.68398373834621,-107.95144881854564,-101.02140553993543,-85.51271130078464,-84.43979786700463,-113.57847936710473,-112.11533987857213,-110.93657809550199,-113.19462052953328
2281,-55.210795443452646,-4.4935984103309865,-5.991464547107982,-7.489330683884977,-7.489330683884977,-8.987196820661973,-5.991464547107982,-5.991464547107982,-7.489330683884977,-4.4935984103309865,-5.991464547107982,-5.991464547107982,-7.489330683884977,-55.046581920304135,-55.27672580130949,-5.991464794446415,-2.995732273553991,-4.4935984103309865,-5.991464547107982,-5.991464547107982,-7.489330683884977,-4.4935984103309865,-4.4935984103309865,-5.991464547107982,-2.995732273553991,-4.4935984103309865,-4.4935984103309865,-5.991464547107982,-54.37523516465019,-54.62949522105497,-4.49359865766942,-54.54505072432363
2286,-130.72252524184194,-116.04472608663193,-104.8101425741066,-107.0430966334339,-105.9508396235349,-108.18379368286219,-118.27768014595921,-116.03939808441548,-118.27235214374278,-102.57718851477932,-104.8101425741066,-103.7178855642076,-105.9508396235349,-116.93552939120738,-113.8064440250882,-116.03939808441548,-116.47329135091758,-102.57718851477932,-104.8101425741066,-104.04073091789087,-106.27368497721817,-116.93552939120738,-118.70624541024488,-117.20177578212684,-100.34423445545202,-102.57718851477932,-101.80777685856359,-104.04073091789087,-114.70257533188008,-120.8272604830574,-114.96882172279956,-131.34705038748413
2287,-187.08056678243656,-149.58180034938752,-143.90881732362297,-144.49976523615365,-126.13781106855714,-127.05229374396137,-151.72013340889555,-124.52468467017579,-125.75338903643788,-182.52291306912312,-183.50623661632324,-161.71032668662482,-163.74076654416018,-187.95448044329308,-184.38620060776205,-185.29699396899719,-147.4434672898795,-141.77048426411494,-142.36143217664562,-123.99947800904911,-124.91396068445334,-149.58180034938752,-122.38635161066776,-123.61505597692985,-180.3845800096151,-181.3679035568152,-159.5719936271168,-161.60243348465215,-185.81614738378505,-182.24786754825402,-183.15866090948916,-184.94223372292853
2288,-122.72944059128011,-125.0516360408508,-110.39708552738568,-111.93106517362479,-112.71928097695637,-114.25326062319547,-127.37383149042148,-127.37383149042148,-129.0865837634818,-108.074890077815,-109.6088697240541,-110.39708552738568,-111.93106517362479,-125.0516360408508,-125.0516360408508,-126.7643883139111,-122.73284565582433,-111.77911905134017,-114.10131450091086,-114.10131450091086,-116.42350995048155,-125.05504110539502,-125.05504110539502,-127.3772365549657,-109.45692360176949,-111.77911905134017,-111.77911905134017,-114.10131450091086,-122.73284565582433,-122.73284565582433,-125.05504110539502,-120.41065020625365
2289,-116.7675583806807,-99.39593006765966,-101.62310371578641,-102.39097416562197,-102.06148765426873,-104.28866130239548,-100.52489243580389,-100.524983231541,-102.75206608393064,-99.49856881344257,-100.16380051749522,-99.83431400614198,-102.06148765426873,-98.29771878767714,-98.31070365850299,-100.52489243580389,-97.17323844363594,-99.4004120917627,-100.52489243580389,-100.5383686573303,-102.75206608393064,-98.29771878767714,-98.31119500920354,-100.52489243580389,-99.85720456004078,-98.29771878767714,-100.67357722008363,-100.52489243580389,-96.07054513955038,-101.76928762324222,-98.29771878767714,-114.5437435515226
2290,-333.519388456626,-332.2440463429804,-328.68161431359516,-331.0874451802308,-320.72341945385784,-321.2099277502066,-334.69950298600287,-322.4834869288416,-323.4677226031883,-328.6201308217916,-331.07771521693314,-319.0558428802554,-320.1316329864608,-336.019514192532,-327.4280460325864,-329.6284629861162,-329.71592344030626,-326.153491410921,-328.55932227755665,-318.1952965511837,-318.6818048475325,-332.1713800833287,-319.95536402616744,-320.9395997005141,-326.0920079191174,-328.549592314259,-316.5277199775812,-317.6035100837866,-333.4913912898578,-324.8999231299122,-327.100340083442,-330.9912655539519
2291,-272.3596271310732,-269.55486557763965,-240.57044365853636,-241.0553384964862,-206.3637519897968,-206.84101755110424,-271.4148926009237,-228.67191930353846,-230.53504090433992,-239.59987530973868,-240.61554556365394,-204.1243381701317,-204.81997793828904,-273.97057173190774,-249.53467284632418,-247.08621191395005,-267.182399513458,-238.19797759435474,-238.68287243230458,-203.9912859256152,-204.4685514869226,-269.0424265367421,-226.29945323935684,-228.1625748401583,-237.22740924555706,-238.24307949947232,-201.75187210595007,-202.44751187410742,-271.5981056677261,-247.16220678214256,-244.71374584976843,-269.9871610668916
2293,-337.68925461674115,-334.2320158029625,-326.8412276164579,-329.2574581849908,-288.63553215247185,-288.2606514945552,-336.69636806433687,-295.02120097698884,-294.90170638301106,-329.0149169671227,-331.4824246179416,-287.10304944116245,-287.3941620607835,-340.1976691506943,-311.5852442557261,-314.07903073234587,-331.7070877993378,-324.3162996128331,-326.73253018136603,-286.1106041488471,-285.7357234909304,-334.1714400607121,-292.49627297336406,-292.3767783793863,-326.489988963498,-328.9574966143168,-284.5781214375377,-284.86923405715874,-337.6727411470696,-309.06031625210136,-311.5541027287211,-335.1643266131164
2294,-274.78544894916945,-260.625966709124,-261.5603565190037,-262.5824881862818,-261.46041113533744,-262.7339515762804,-261.52524991950986,-260.16600455427573,-261.3128469407253,-270.4335535977875,-272.25250290266695,-263.10866583067195,-264.74634614049364,-276.36376740161677,-274.7752845774833,-276.397018796754,-258.2535006449424,-259.187890454822,-260.2100221221002,-259.08794507115584,-260.3614855120988,-259.15278385532827,-257.79353849009414,-258.9403808765437,-268.06108753360587,-269.88003683848535,-260.7361997664903,-262.373880076312,-273.9913013374351,-272.40281851330167,-274.02455273257243,-272.41298288498785
2296,-147.82896869645043,-140.5776432380038,-135.806347217043,-138.03930127637028,-138.03930127637028,-140.2722553356976,-139.6688731832003,-140.68613208299172,-140.66815134456522,-133.5733931577157,-135.806347217043,-135.806347217043,-138.03930127637028,-137.43591912387302,-138.45317802366444,-138.43519728523793,-144.27262780770198,-134.83282127920066,-137.06577533852794,-137.06577533852794,-139.29872939785523,-139.50091028726467,-146.50558186702926,-141.44590427158033,-132.59986721987337,-134.83282127920066,-134.83282127920066,-137.06577533852794,-137.2679562279374,-148.68531456461486,-139.21295021225305,-151.58504263855284
2297,-126.3509436923295,-117.61446406909596,-106.29756687911626,-108.55299663237469,-108.55299663237469,-108.2023129141986,-119.86989382235438,-114.44454546807918,-116.69997522133761,-104.04213712585783,-106.29756687911626,-106.29756687911626,-105.94688316094017,-119.03549461567864,-112.18911571482076,-114.44454546807918,-118.22738988573633,-104.04213712585783,-106.29756687911626,-106.29756687911626,-108.4062821864861,-119.85691272582147,-120.48281963899475,-119.18252498208527,-101.78670737259941,-104.04213712585783,-104.04213712585783,-106.15085243322767,-117.60148297256305,-119.8947184603141,-116.92709522882684,-127.38961617146849
2298,-108.62484763509543,-74.96663707719775,-76.98816271111502,-77.1100095227274,-77.57221740809605,-79.13153515664467,-75.08848388881012,-75.55069177417877,-77.1100095227274,-101.98843818930818,-75.08848388881012,-76.19362226876271,-77.1100095227274,-73.06695825489284,-74.17209663484543,-75.08848388881012,-74.98407486788744,-77.00560050180471,-75.13742566850551,-76.19605328298692,-77.15895130242279,-73.11590003458824,-74.17452764906965,-75.13742566850551,-102.115911921609,-73.11590003458824,-74.17452764906965,-75.13742566850551,-71.09437440067097,-72.15300201515238,-73.11590003458824,-113.12902259676224
2299,-319.3293274034644,-312.9520879017218,-307.3005283730549,-309.7386024411317,-278.55459644432557,-278.65412090270416,-312.79392282682437,-277.74806880882943,-278.45767083034946,-311.9944505209596,-314.40181607215607,-284.5271160349001,-285.52416043556605,-321.400344027589,-305.71309757866027,-307.31267226019645,-310.4848509351565,-304.8332914064895,-307.2713654745664,-276.08735947776023,-276.1868839361388,-310.326685860259,-275.28083184226404,-275.9904338637841,-309.5272135543943,-311.9345791055907,-282.0598790683347,-283.0569234690007,-318.93310706102363,-303.24586061209493,-304.84543529363106,-316.86209043689905
2300,-276.97796121136196,-261.7429798381882,-264.1154459023698,-264.52025020687427,-240.07705929846972,-239.32952004939705,-262.1477841426926,-237.7045932342881,-236.9570539852154,-272.55374891905217,-274.404958233388,-269.7391783912671,-271.64792927017834,-278.5878912372619,-273.86687045928727,-275.5265743431609,-259.37051377400655,-261.7429798381882,-262.1477841426926,-237.7045932342881,-236.9570539852154,-259.775318078511,-235.33212717010647,-234.58458792103377,-270.1812828548705,-272.0324921692064,-267.3667123270855,-269.2754632059967,-276.21542517308023,-271.4944043951056,-273.1541082789793,-274.60549514718036
2301,-138.5654291363882,-125.0245158402883,-87.18961883928874,-89.48210257862402,-89.24857506930479,-91.06585721291046,-127.31699957962358,-124.36934845874822,-126.66183219808352,-84.89713509995346,-87.18961883928874,-86.95609132996951,-88.77337347357516,-126.95851716490733,-122.07686471941294,-124.36934845874822,-128.3958771404775,-85.99699155504364,-88.28947529437892,-88.28947529437892,-90.58195903371421,-126.95851716490733,-130.68836087981276,-128.13342661180124,-83.70450781570835,-85.99699155504364,-85.99699155504364,-88.28947529437892,-124.66603342557205,-133.8981909165133,-125.84094287246594,-142.1062077144029
2302,-122.60383307002861,-101.99651798711612,-104.16188465725928,-102.16990933389793,-101.77319950905208,-103.93856617919523,-100.00454266375476,-99.6078328389089,-101.77319950905208,-118.23609902479106,-100.00454266375476,-99.6078328389089,-101.77319950905208,-97.8391759936116,-97.44246616876575,-99.6078328389089,-106.30757730333688,-108.47294397348006,-100.57031797206825,-108.50520053877442,-101.77319950905208,-98.4049513019251,-106.33983386863126,-99.6078328389089,-118.59273558042521,-98.4049513019251,-115.45987297338323,-99.6078328389089,-96.23958463178192,-113.29450630324006,-97.44246616876575,-127.47047944623567
2303,-119.27435430388883,-99.01970775697092,-86.49940039897777,-86.82831479435083,-86.57231592572128,-88.78772432514295,-98.7506801117608,-98.75090711106529,-100.96608851118246,-84.28399199955612,-84.61290639492918,-84.35690752629964,-86.57231592572128,-96.53527171233915,-96.56819921767902,-98.7506801117608,-96.81382210997312,-87.11824437372924,-85.61789844052674,-87.86433868238416,-87.8333068399484,-96.53527171233915,-96.56889654139123,-98.7506801117608,-84.90283597430758,-83.4024900411051,-85.6489302829625,-85.61789844052674,-94.31986331291749,-106.11930105620416,-96.53527171233915,-125.55842134969639
2304,-140.91618023897962,-124.5718566436196,-125.59515563163134,-125.24219378696965,-126.0569055209188,-127.49762354022808,-123.13179315439174,-126.49766951241362,-125.38722290765017,-123.33972587837292,-122.98676403371122,-123.80147576766038,-125.24219378696965,-120.87636340113332,-124.71285969682219,-123.13179315439174,-126.83389506304489,-124.08989497969297,-122.98676403371122,-124.99484086226471,-125.24219378696965,-120.87636340113332,-129.0893248163033,-123.13179315439174,-121.83446522643455,-120.7313342804528,-122.73941110900628,-122.98676403371122,-118.62093364787489,-134.0847262712913,-120.87636340113332,-143.52257555042883
2305,-118.57456070121219,-96.81694142068947,-99.02636172458777,-97.65280330359293,-97.65312109897815,-99.86222360749123,-95.44338299969463,-95.44370079507985,-97.65280330359293,-108.86838979313893,-95.44338299969463,-95.48962679074441,-97.65280330359293,-93.23396269579634,-93.28020648684611,-95.44338299969463,-94.62152576964928,-96.83094607354758,-95.44338299969465,-95.49048397794702,-97.65280330359295,-93.23396269579635,-93.28106367404872,-95.44338299969465,-109.68654385479326,-93.23396269579635,-110.7297505277037,-95.44338299969465,-91.02454239189805,-108.5203302238054,-93.23396269579635,-124.28149119842595
2306,-271.49999695417137,-249.30765736764326,-250.46963546835437,-250.6131710473058,-249.62341063393995,-250.16241679437468,-249.37820262837778,-248.90842615747206,-249.5790851252469,-265.66163846060283,-267.5069409190592,-252.4330854717783,-254.11095548889747,-273.12306396377863,-271.37735499007425,-271.62806209323236,-246.93519130346164,-248.09716940417275,-248.24070498312417,-247.25094456975833,-247.78995073019303,-247.00573656419616,-246.53596009329044,-247.20661906106528,-263.2891723964212,-265.1344748548776,-250.06061940759668,-251.73848942471585,-270.750597899597,-269.0048889258926,-269.25559602905076,-269.12753088998977
2308,-136.15602619905198,-129.2903390635881,-122.29544378503857,-122.79206173268939,-124.22688220045302,-124.89440804238487,-126.75411997953857,-131.35961500668128,-128.25788700170705,-120.19309747534308,-120.68971542299391,-122.12453589075754,-122.79206173268939,-126.85834512040137,-130.14579444157295,-126.15554069201157,-132.43213983805109,-122.60242257119388,-124.70476888088938,-123.6957003681039,-125.79804667779938,-133.0021261791952,-133.3101084909536,-133.00966839040356,-125.35754476613835,-124.88977168591394,-121.59335405840841,-123.6957003681039,-132.55086795055846,-138.3566618159836,-132.44218607615008,-143.14241084926348
2309,-111.03747202759463,-65.30453295908742,-67.31720880445499,-69.32988464944759,-69.32988464944759,-71.34256049481516,-67.31720880408002,-67.31720880408002,-69.32988464944759,-101.25322240374524,-67.31720880408002,-67.31720880408002,-69.32988464944759,-65.30453295871244,-65.30453295871244,-67.31720880408002,-63.29185711371988,-65.30453295908745,-67.31720880408002,-67.31720880408005,-69.32988464944759,-65.30453295871244,-65.30453295871249,-67.31720880408002,-101.21401329885683,-65.30453295871244,-65.3072567690112,-67.31720880408002,-63.29185711334487,-63.29458092364363,-65.30453295871244,-118.29443558106868
2311,-381.2721398194179,-374.9300697572148,-374.9775454178832,-377.41183614077033,-352.9491321135565,-352.64271462828725,-377.42348177683726,-350.36389011603745,-350.0574726307682,-379.70344113726037,-382.1991628461601,-374.6912742808326,-377.17716048512,-383.817802543185,-375.84575220537727,-378.3830293707893,-372.3448277596957,-372.39230342036416,-374.82659414325127,-350.36389011603745,-350.0574726307682,-374.8382397793182,-347.7786481185184,-347.4722306332491,-377.11819913974125,-379.61392084864104,-372.10603228331354,-374.59191848760094,-381.2325605456659,-373.26051020785815,-375.79778737327024,-378.6868978218988
2312,-134.23751485001674,-123.7248002711654,-117.93181011539296,-120.20874856119323,-120.01175265126298,-121.30134683792218,-126.00173871696568,-122.10321547808276,-124.38015392388303,-115.6548716695927,-117.93181011539296,-117.73481420546271,-119.0244083921219,-124.66297016073302,-119.82627703228249,-122.10321547808276,-124.96939526816058,-115.690357965657,-117.96729641145727,-117.96729641145727,-120.24423485725754,-125.76638376673705,-127.24633371396085,-125.40367089469038,-113.41341951985673,-115.690357965657,-115.690357965657,-117.96729641145727,-123.48944532093678,-129.37602646065147,-123.12673244889011,-135.736783010965
2322,-116.75756785915077,-104.89111539160956,-66.1004365830712,-62.197840331657765,-68.32176221131635,-64.41916595990293,-106.88755832839041,-105.33999750895937,-107.56053327400636,-63.87911095482604,-59.976514703412604,-66.1004365830712,-62.197840331657765,-104.66623270014526,-103.11867188071422,-105.3392076457612,-110.72866879819725,-64.30906571127849,-60.870086754130256,-66.53039133952365,-63.09141238237542,-105.38183008452224,-112.9499944264424,-107.60315571276739,-62.08774008303333,-58.6487611258851,-64.30906571127849,-60.870086754130256,-103.16050445627708,-117.0813002582484,-105.38183008452224,-121.31947359686619
2323,-311.7311276065284,-314.209041135329,-310.86195090737067,-312.4108313465249,-313.3398644361713,-314.88874487532553,-316.53353531584656,-316.68695466412964,-319.0114488446472,-308.38403737857004,-309.9329178177243,-310.86195090737067,-312.4108313465249,-314.05562178704594,-314.209041135329,-316.53353531584656,-311.7311276065284,-308.38403737857004,-309.9329178177243,-310.86195090737067,-312.4108313465249,-314.05562178704594,-314.209041135329,-316.53353531584656,-305.9061238497694,-307.45500428892365,-308.38403737857004,-309.9329178177243,-311.5777082582453,-311.7311276065284,-314.05562178704594,-309.25321407772776
2324,-110.03508945761133,-96.7073447152395,-94.14577168136317,-96.31113835150634,-95.78136031812386,-97.94672698826702,-98.11838216743784,-97.575392312128,-99.73999111307668,-91.98040501122001,-94.14577168136317,-93.61599364798069,-95.78136031812386,-95.95301549729469,-95.41002564198484,-97.57462444293351,-102.41980854916953,-94.92578583571256,-95.49766207035023,-96.912398144405,-97.6630287404934,-96.65017352909646,-104.5851752193127,-98.81554019923962,-92.76041916556939,-93.33229540020707,-94.74703147426185,-95.49766207035023,-94.48480685895329,-108.93739116099509,-96.65017352909646,-113.95070269960509
2325,-97.91678889463039,-72.26916975903956,-58.47572144753445,-60.32016117459141,-60.17307409510951,-62.01751382216648,-63.91789566316864,-60.61855161831274,-62.46290747828464,-66.66385878027859,-65.25933968257748,-67.34036231982203,-62.521019696402305,-84.48238802872403,-86.00347143076802,-63.91785955008488,-72.80215863870417,-56.6953020779794,-58.53974180503637,-58.4479614267199,-60.292401153776865,-62.08524162463925,-59.073333793630844,-60.61896033433362,-70.6794096856114,-67.69581660533804,-69.17725552327845,-60.6793957108975,-88.19059089706045,-93.28422106856056,-62.08493135072795,-101.96335704925664
2326,-122.85953518090918,-110.90349759406025,-113.08822152029376,-114.5956861043474,-112.46124427726627,-114.64512826116587,-112.41096217811388,-110.27652035103276,-112.46040433493235,-125.0442591071427,-112.41096217811388,-110.27652035103276,-112.46040433493235,-110.22623825188037,-108.09179642479926,-110.27568040869883,-116.82055577972184,-119.00527970595536,-113.1291471773629,-121.19000363218886,-115.31387110359641,-110.9444232511294,-119.00527970595536,-113.1291471773629,-131.04394383997845,-110.9444232511294,-125.09765970115774,-113.1291471773629,-108.75969932489588,-122.91293577492422,-110.9444232511294,-128.85921991374494
2328,-219.72695769641103,-220.51326363667252,-221.15334548897002,-222.71935385139525,-223.40325032413514,-224.9692586865604,-221.8697308970394,-222.76316847183764,-224.11963573220453,-219.6706801015502,-221.04120470841184,-221.92058493671533,-223.29110954357697,-220.91835676489023,-221.97686253157616,-223.16826160005536,-218.26335880150737,-218.9034406538049,-220.46944901623013,-221.15334548897002,-222.71935385139525,-219.61982606187428,-220.51326363667252,-221.8697308970394,-217.42077526638508,-218.79129987324671,-219.6706801015502,-221.04120470841184,-218.6684519297251,-219.72695769641103,-220.91835676489023,-217.47705286124588
2333,-102.69758716696926,-85.25734771026835,-74.59946995331336,-75.77965969260312,-75.16985935135004,-77.3286034081182,-86.31795614332736,-86.31804694593453,-88.47670020009551,-72.44072589654522,-73.62091563583496,-73.01111529458188,-75.16985935135004,-84.15921208655921,-84.17212129083,-86.31795614332736,-83.10308567765016,-75.22544356202042,-74.56131663856462,-76.32076301265758,-76.72006069533278,-84.15921208655921,-84.17268933461355,-86.31795614332736,-73.06669950525226,-72.40257258179648,-74.16201895588944,-74.56131663856462,-82.00046802979105,-87.69913485379837,-84.15921208655921,-100.5425195525348
2336,-135.99113260643406,-125.24340220635536,-127.47635626568264,-129.70931032500994,-129.70931032500994,-131.94226438433722,-127.47635626568264,-127.47635626568264,-129.70931032500994,-138.22408666576135,-128.49969957839332,-130.15923740603677,-130.06674929959476,-126.26674551906603,-127.92628334670948,-127.83379524026748,-131.29320015473834,-133.52615421406563,-133.21315827603178,-135.75910827339294,-135.22019331753447,-130.98020421670446,-133.52615421406563,-132.98723925820718,-144.99030376495767,-130.98020421670446,-142.3328838615941,-132.98723925820718,-128.74725015737718,-140.09992980226681,-130.75428519887987,-142.75734970563036
2338,-373.6851287997223,-363.860963187095,-357.6158849787463,-360.0808642981953,-354.68894073104155,-357.14667775518865,-366.3773268615978,-360.65155033754047,-363.1616514778031,-365.96598308971124,-368.4872827431373,-362.6956731920839,-365.21078298267855,-376.20172342412707,-370.1575253881674,-372.70138992526694,-361.30799045014476,-355.06291224179597,-357.52789156124504,-352.1359679940913,-354.5937050182383,-363.82435412464747,-358.09857760059015,-360.60867874085284,-363.413010352761,-365.934310006187,-360.1427004551336,-362.6578102457283,-373.6487506871768,-367.60455265121715,-370.1484171883166,-371.13215606277197
2339,-106.65994844586473,-104.57035907705963,-99.17685546014356,-101.37408003747979,-101.37408003747979,-102.93948712858014,-106.76758365439585,-99.68987212123048,-100.74226255124393,-96.97963088280734,-99.17685546014356,-99.17685546014356,-100.74226255124393,-106.79152308022248,-97.49264754389426,-98.5450379739077,-106.65994844586473,-98.00376031261702,-100.20098488995323,-99.68987212123048,-101.88709669856671,-106.7996364206625,-97.49264754389426,-99.68987212123048,-95.8065357352808,-98.00376031261702,-97.49264754389426,-99.68987212123048,-106.38142306880869,-95.29542296655805,-97.49264754389426,-104.4627238685285
2340,-174.82877099401693,-177.22666626681533,-179.6245615396137,-182.02245681241206,-182.02245681241206,-184.42035208521042,-179.6245615396137,-179.6245615396137,-182.02245681241206,-177.22666626681533,-179.6245615396137,-179.6245615396137,-182.02245681241206,-177.22666626681533,-177.22666626681533,-179.6245615396137,-191.52778057082972,-193.9256758436281,-196.32357111642648,-196.32357111642648,-198.72146638922484,-193.9256758436281,-193.9256758436281,-196.32357111642648,-191.52778057082972,-193.9256758436281,-193.9256758436281,-196.32357111642648,-191.52778057082972,-191.52778057082972,-193.9256758436281,-189.12988529803135
2342,-170.03549433499887,-161.1377748978778,-163.2669458394626,-163.23183552674968,-164.55075849719455,-164.11934636908165,-161.0534811134049,-162.68092087947264,-161.94099195573685,-165.38567199510322,-162.10670885431878,-162.554522297257,-161.94099195573685,-161.70995950437415,-161.66836070544036,-159.76263754239207,-168.80564161166225,-168.24851688254952,-164.62646620387554,-170.42687129589433,-166.80482061722032,-163.6875485364173,-170.98399602500706,-165.53489772368314,-166.96058727298382,-162.44811179053073,-168.64331553269497,-164.62646620387554,-162.58665846446192,-170.2977495320809,-163.4450156861344,-172.1445423266469
2347,-145.2325168328404,-117.16270421739867,-119.34105863074346,-113.30858562499641,-111.20708362721301,-113.38543804055782,-111.13023121165162,-109.02872921386822,-111.20708362721301,-137.07878039706048,-112.07428094200397,-109.02872921386822,-111.20708362721301,-109.89592652865917,-106.85037480052343,-109.02872921386822,-120.1967974227368,-122.37515183608159,-112.53428309012394,-119.59439683149338,-111.20708362721304,-110.35592867677914,-117.41604241814859,-109.02872921386825,-136.76834642686458,-110.35592867677914,-126.04347814867069,-109.02872921386825,-108.17757426343435,-123.8651237353259,-106.85037480052345,-148.26247887052526
2348,-115.8276009876686,-98.44434360526583,-86.47149773977895,-88.6869061392006,-87.86941694838907,-90.08482534781074,-99.56158913603431,-99.56167994516795,-101.77699753545598,-84.25608934035729,-86.47149773977895,-85.65400854896743,-87.86941694838907,-97.34618073661267,-97.35911718052897,-99.56158913603431,-96.23341723003794,-87.18775759543217,-87.61765058571777,-89.1778736214226,-89.83305898513943,-97.3461807366127,-97.35965895984737,-99.56158913603434,-84.97234919601051,-85.40224218629612,-86.96246522200096,-87.61765058571777,-95.13077233719103,-100.82946640737082,-97.3461807366127,-113.61577833989726
2349,-113.5021932270241,-93.10987991430335,-95.31323953793549,-95.31989664319464,-95.32007824359981,-97.52325626682676,-93.11653701956251,-93.11671861996768,-95.31989664319464,-100.7182090718018,-93.11653701956251,-93.14278672332001,-95.31989664319464,-90.91317739593038,-90.93942709968789,-93.11653701956251,-90.91548421526704,-93.11884383889918,-93.11653701956251,-93.14349067341051,-95.31989664319464,-90.91317739593038,-90.94013104977839,-93.11653701956251,-101.33084500254033,-90.91317739593038,-102.30821852405279,-93.11653701956251,-88.70981777229825,-100.10485890042065,-90.91317739593038,-119.58002064900668
2350,-113.81054839235657,-100.6884962989864,-102.89185592261852,-103.86364390481711,-102.73268164820243,-104.93521576365248,-101.66028428118499,-100.5293220245703,-102.73185614002035,-101.09038531690067,-101.66028428118499,-100.5293220245703,-102.73185614002035,-99.45692465755286,-98.32596240093818,-100.52849651638823,-106.77824711438299,-104.15946696780767,-102.43374194609868,-106.29451920226047,-104.6371015697308,-100.23038232246654,-108.98160673801513,-102.43374194609868,-101.95610734417554,-100.23038232246654,-104.09115957862835,-102.43374194609868,-98.02702269883441,-112.94729329440133,-100.23038232246654,-120.48280016221156
2351,-438.41988014878945,-436.2339288372338,-437.2758105044931,-439.63536470198176,-434.01555016847846,-436.38490226477717,-438.6779569548716,-432.5344208478367,-434.9675647416263,-437.1704146205556,-439.6166914826091,-433.3976780768866,-435.8330977376336,-440.93973937825893,-434.1684454780063,-436.6789704711936,-433.534847486475,-434.5767291537342,-436.93628335122287,-431.31646881771957,-433.6858209140183,-435.9788756041127,-429.8353394970778,-432.2684833908674,-434.4713332697968,-436.9176101318502,-430.69859672612773,-433.1340163868747,-438.2406580275001,-431.46936412724745,-433.97988912043473,-435.72079879803056
2352,-172.08485307253488,-173.09316240170375,-151.87770372294486,-153.3869408347471,-154.09902935119,-155.60826646299225,-169.00584133263376,-172.00035013275436,-170.6922636079938,-149.65637809469968,-151.16561520650194,-151.87770372294486,-153.3869408347471,-166.78451570438858,-169.77902450450918,-168.47093797974864,-184.60100613096938,-158.79675600338155,-160.71376545695156,-161.01808163162673,-162.93509108519672,-177.23712022072812,-186.2464558091642,-179.4584458489733,-156.5754303751364,-158.49243982870638,-158.79675600338155,-160.71376545695156,-175.01579459248296,-184.02513018091904,-177.23712022072812,-182.37968050272423
2353,-344.27135203290777,-346.9230044869373,-341.62052345449945,-341.24036072169537,-344.27217590852894,-338.8073378969218,-342.19449615256724,-349.57465694096686,-336.15568544289226,-338.9688710004699,-338.5887082676659,-341.62052345449945,-336.15568544289226,-339.54284369853775,-346.9230044869373,-333.5040329888627,-363.9527323053599,-366.60438475938946,-347.9858046260732,-369.25603721341895,-350.6374570801027,-359.8224335480521,-366.60438475938946,-362.47408600208166,-363.9527323053599,-345.3341521720437,-366.60438475938946,-347.9858046260732,-357.1707810940226,-363.9527323053599,-359.8224335480521,-361.30107985133037
2354,-415.7772184843647,-411.27814871445463,-407.0930128131031,-409.49348819670666,-403.6569040472392,-406.048598538357,-413.7499881854728,-407.42061806551084,-409.8847023193593,-409.64114797897685,-412.11770186071703,-405.80166862035446,-408.2706150890765,-418.31507493956263,-411.53853061897655,-414.0697689136251,-408.624014865754,-404.43887896440253,-406.83935434800605,-401.0027701985386,-403.3944646896564,-411.0958543367722,-404.7664842168103,-407.2305684706587,-406.98701413027624,-409.4635680120165,-403.1475347716539,-405.6164812403759,-415.660941090862,-408.88439677027594,-411.4156350649246,-413.1230846356641
2355,-144.5350758939633,-127.14877181170475,-129.37594545983148,-130.5149700833394,-130.36955259633612,-132.5967262444629,-128.28779643521264,-128.461829284684,-130.5038958145011,-127.90746483561587,-128.28779643521264,-128.14237894820937,-130.36955259633612,-126.0606227870859,-127.21912748927991,-128.27672216637433,-129.36466921952055,-128.5588486525286,-128.28779643521264,-129.16139313143242,-130.5149700833394,-126.0606227870859,-131.5918428676473,-128.28779643521264,-126.33167500440186,-126.0606227870859,-126.93421948330568,-128.28779643521264,-123.83344913895914,-136.33341432735236,-126.0606227870859,-147.3794691514389
2356,-243.42883499647877,-242.1862576779402,-224.62562657680255,-226.65724893690444,-218.04280135961528,-219.93886286198432,-243.31986587595887,-224.17555831214347,-226.20798790736717,-222.266377141155,-224.2979995012569,-215.68355192396774,-217.57961342633678,-241.05431054671854,-221.81630887649592,-223.84873847171963,-239.8543722645769,-222.266377141155,-224.2979995012569,-216.3812785386475,-217.93041375115558,-240.96061644031133,-222.8657463101052,-224.52779694106675,-219.90712770550743,-221.93875006560936,-214.02202910299997,-215.57116431550804,-238.69506111107097,-220.50649687445764,-222.1685475054192,-241.06958556083123
2357,-119.80040252364712,-99.6193094098183,-101.85226346914558,-101.88864514957018,-101.88882675066236,-104.12159920889746,-99.65569109024288,-99.65587269133506,-101.88864514957018,-107.97914240954312,-99.65569109024288,-99.68181064797396,-101.88864514957018,-97.4227370309156,-97.44885658864668,-99.65569109024288,-97.39531927509114,-99.62827333441844,-99.65569109024293,-99.68264484674225,-101.88864514957022,-97.42273703091564,-97.44969078741497,-99.65569109024293,-108.73965437363498,-97.42273703091564,-108.81764801369864,-99.65569109024293,-95.18978297158834,-106.58469395437135,-97.42273703091564,-125.68125559529201
2358,-183.30750712882718,-183.29684304431802,-176.99895640710616,-178.34200266001747,-179.2488612422713,-180.59190749518262,-179.82189351734283,-183.26901453068112,-181.50004743186992,-174.74905157194104,-176.09209782485235,-176.99895640710616,-178.34200266001747,-177.5719886821777,-181.019109695516,-179.2501425967048,-193.0008942125562,-183.16969395225672,-183.5334527152998,-185.41959878742185,-185.78335755046493,-185.56519365051406,-194.71881786439877,-187.8150984856792,-180.91978911709157,-181.28354788013468,-183.16969395225672,-183.5334527152998,-183.31528881534894,-192.46891302923365,-185.56519365051406,-190.85940547310977
2361,-356.9577035213283,-353.15618792434265,-345.3512180296701,-347.78905085992074,-309.0625762810319,-308.9483703747381,-355.64884846635937,-313.0049546923533,-313.0149141434598,-347.69825574858015,-350.19213862089873,-308.3219073779346,-308.7411684506962,-359.4983818337588,-334.63208970972767,-337.1520867691468,-350.60625471043056,-342.80128481575804,-345.23911764600865,-306.5126430671198,-306.39843716082595,-353.0989152524473,-310.4550214784412,-310.4649809295477,-345.14832253466807,-347.64220540698665,-305.77197416402254,-306.1912352367841,-356.9484486198467,-332.0821564958156,-334.60215355523474,-354.4077703074162
2362,-150.08890958556836,-132.94000271146777,-135.1310160288047,-133.83609232087113,-137.32202934614165,-136.02710563820807,-131.6450790035342,-135.1310160288047,-133.83609232087113,-152.2799229029053,-131.6450790035342,-140.47509700478892,-133.83609232087113,-129.45406568619725,-138.28408368745198,-131.6450790035342,-132.8108249240756,-135.00183824141254,-131.6450790035342,-137.19285155874948,-133.83609232087113,-129.45406568619725,-135.00183824141254,-131.6450790035342,-152.43811162929552,-129.45406568619725,-145.55582447143848,-131.6450790035342,-127.26305236886031,-143.36481115410155,-129.45406568619725,-150.24709831195858
2363,-129.88167010276652,-112.70576406106483,-114.94443246830393,-114.74484609534564,-115.80088156082472,-116.98351450258474,-112.50617768810653,-113.56221315358562,-114.74484609534564,-132.12033851000564,-112.50617768810653,-114.01514897313082,-114.74484609534564,-110.26750928086743,-111.77648056589172,-112.50617768810653,-117.86616108596102,-120.10482949320013,-113.20082862794919,-122.34349790043923,-115.4394970351883,-110.96216022071009,-120.10482949320013,-113.20082862794919,-135.60856735856564,-110.96216022071009,-127.48462286549407,-113.20082862794919,-108.72349181347099,-125.24595445825497,-110.96216022071009,-135.134818983888
2364,-125.22135474587564,-122.28576749668625,-113.98427116608913,-115.23918594030786,-116.23417600125427,-117.48909077547299,-122.61415651007304,-123.19406306208333,-124.86406134523818,-111.73436633092399,-112.98928110514272,-113.98427116608913,-115.23918594030786,-120.3642516749079,-120.9441582269182,-122.61415651007304,-129.5234048763033,-115.40644016904227,-117.65634500420741,-117.65634500420741,-119.90624983937255,-125.68674906590786,-131.77330971146844,-127.93665390107299,-113.15653533387714,-115.40644016904227,-115.40644016904227,-117.65634500420741,-123.43684423074272,-132.73325999689757,-125.68674906590786,-133.2309530369146
2366,-117.56908131455455,-104.3359849654147,-96.24891606516726,-98.45227568879939,-98.45227568879939,-100.65563531243151,-106.53934458904683,-105.71516793747219,-106.77975363864104,-94.04555644153513,-96.24891606516726,-96.24891606516726,-98.45227568879939,-105.18007541885467,-103.51180831384005,-104.57639401500892,-110.98928977521703,-97.46688219201229,-99.67024181564443,-99.67024181564443,-101.87360143927656,-106.1033235398233,-113.19264939884917,-108.30668316345542,-95.26352256838017,-97.46688219201229,-97.46688219201229,-99.67024181564443,-103.89996391619115,-119.4064798913549,-106.1033235398233,-123.64110780666132
2367,-117.90456211034248,-105.52989597899143,-102.03615196334405,-104.27482037058316,-104.27482037058316,-106.51348877782226,-107.23911634481314,-105.30587863441588,-107.54372563867972,-99.79748355610495,-102.03615196334405,-102.03615196334405,-104.27482037058316,-105.00044793757404,-103.06721022717677,-105.30505723144061,-111.25380620932128,-102.84980495713005,-105.08847336436915,-105.08847336436915,-107.32714177160825,-105.71359977305195,-113.49247461656039,-107.95226818029106,-100.61113654989094,-102.84980495713005,-102.84980495713005,-105.08847336436915,-103.47493136581285,-117.45000693259941,-105.71359977305195,-124.04827288625025
2368,-338.62058465908046,-334.72547034669964,-327.1103390407021,-329.5426247516639,-287.64965526336056,-287.41893366215754,-337.2066475026449,-293.03244337585454,-293.0677923513072,-329.7050126978426,-332.1884010862442,-286.3426878968919,-286.7747915302398,-341.1288062692301,-310.7577905803476,-313.2762668815544,-332.2069940454928,-324.5918627394953,-327.02414845045706,-285.13117896215374,-284.9004573609507,-334.6881712014381,-290.5139670746477,-290.5493160501004,-327.1865363966358,-329.6699247850374,-283.8242115956851,-284.25631522903296,-338.6103299680233,-308.2393142791408,-310.7577905803476,-336.10210835787365
2369,-302.025753956688,-304.67240636905024,-307.3190587814125,-292.1612984614756,-309.9657111937747,-294.80795087383785,-289.51464604911337,-307.3190587814125,-292.1612984614756,-304.67240636905024,-289.51464604911337,-307.3190587814125,-292.1612984614756,-286.8679936367511,-304.67240636905024,-289.51464604911337,-337.6465742742683,-340.29322668663053,-334.91655618916116,-342.9398790989928,-337.5632086015234,-332.2699037767989,-340.29322668663053,-334.91655618916116,-337.6465742742683,-332.2699037767989,-340.29322668663053,-334.91655618916116,-329.62325136443667,-337.6465742742683,-332.2699037767989,-334.99992186190605
2370,-119.87052632734616,-111.38308531279661,-102.0397242760051,-104.25513267542676,-104.25513267542676,-106.47054107484843,-112.79322696602526,-111.2171295456499,-113.43170240267372,-99.82431587658346,-102.0397242760051,-102.0397242760051,-104.25513267542676,-110.57781856660361,-109.00172114622825,-111.21629400325207,-117.517221738639,-102.79152643832997,-105.00693483775163,-105.00693483775163,-107.22234323717328,-113.28166988830489,-119.73263013806066,-115.49707828772654,-100.5761180389083,-102.79152643832997,-102.79152643832997,-105.00693483775163,-111.06626148888323,-123.75401659122824,-113.28166988830489,-127.66783314357811
2372,-135.13837818585358,-117.3122321010168,-111.82749573867893,-111.67965636516871,-111.41601975059902,-113.66592458576416,-116.19410322079325,-117.52343317110737,-118.11460070059246,-109.5775909035138,-109.42975153000357,-109.1661149154339,-111.41601975059902,-113.94419838562811,-115.27352833594225,-115.86469586542734,-118.07891345199059,-109.5775909035138,-109.42975153000357,-109.69622386345993,-111.67965636516871,-113.94419838562811,-120.32881828715571,-116.19410322079325,-107.32768606834867,-107.17984669483843,-107.4463190282948,-109.42975153000357,-111.69429355046299,-123.56255589539971,-113.94419838562811,-135.8325596616396
2373,-108.15879274268795,-88.00487386374652,-80.1151243747585,-80.52040240894789,-80.15985896368494,-82.33176167461178,-87.97995754975778,-87.98013913711003,-90.15186026068461,-77.94322166383165,-78.34849969802104,-77.9879562527581,-80.15985896368494,-85.80805483883094,-85.83442106743954,-87.97995754975778,-85.841935077328,-80.74005790324475,-79.29095515587144,-81.28287893553082,-81.46285786679827,-85.80805483883094,-85.83500654231365,-87.97995754975778,-78.5681551923179,-77.1190524449446,-79.11097622460399,-79.29095515587144,-83.6361521279041,-95.03130976782363,-85.80805483883094,-114.59551057944986
2374,-158.64227804839095,-138.4276133932061,-140.10393543025475,-141.27272825869508,-139.83153372871007,-139.89212983063902,-140.66056745253337,-138.66199159279572,-138.28761053508825,-137.87098137092747,-140.10393543025475,-137.5985796693828,-137.65917577131174,-149.0544776865324,-137.0704179502547,-136.38154267520568,-138.15568159507916,-137.87098137092747,-139.0397741993678,-137.5985796693828,-139.83153372871007,-140.38863565440644,-139.1937227433166,-141.4266768026439,-135.63802731160018,-137.87098137092747,-135.3656256100555,-137.5985796693828,-146.82152362720512,-142.24635956222423,-140.60093344476465,-158.8471748445663
