1723,3.89778427416681e-09,2.44800787105041e-09,6.66013766694906e-05,0.00200035631201832,5.94139229024339e-06,0.000194976638117552,9.81212988889007e-08,8.5376900001914e-08,9.97714839469685e-08,0.0134604991006139,0.0342630184243827,8.065964392207e-05,0.00221963994550781,1.41973835962648e-09,8.91343671499084e-06,3.94986733267538e-06,1.32553452030509e-09,0.00178567433899745,0.00397650738289493,0.00048794231403243,0.000457503282465784,1.71886627790928e-10,1.68933743871813e-09,1.22456318377874e-10,0.181552845726212,0.736327608063997,0.0126735374475555,0.0104334927091855,3.58682776100068e-08,1.92393262033834e-09,2.29274315318329e-10,2.31176796863911e-10
1731,2.06726667579579e-11,0.000693987702778523,5.66867692750354e-05,8.89418827416665e-05,2.7243951119473e-05,1.04365507653441e-05,0.000815011038869841,0.000247675484677779,9.57772639004982e-05,0.000741196556136739,0.00126546204141461,0.000140973971901627,9.86918953268307e-05,0.0230488563264121,0.00985572544572268,0.00314965545818145,7.25531990951406e-06,7.25398355271557e-06,0.00045696945314811,1.57407117210156e-05,6.32929074127489e-05,0.00504989170719703,2.59557570890928e-06,0.00245963355471134,0.00061263515563217,0.0702879709656095,0.000339608288824416,0.00119898871010527,0.875336506530821,2.53020634733657e-09,0.00382533224552351,1.93284142569506e-14
1737,2.23945713764479e-07,4.39847841126436e-06,0.00359445659937389,0.00035572967991592,0.000345771377919165,3.73891931098937e-05,7.08360290045713e-07,3.14196339787013e-07,7.45638736809836e-08,0.0449099857459206,0.000457530377343988,0.00029019426721182,3.19615343916362e-05,1.21483958048028e-07,1.61273212366684e-07,1.77828809344922e-08,9.0406384902574e-05,0.110288253676896,0.00404580950798095,0.0324972235752269,0.000501936324675923,9.71577074625182e-06,2.26444011080338e-05,4.23878044917032e-06,0.693205147519155,0.0562543739031293,0.0521803929388903,0.00085953922883904,1.02128998094436e-05,1.26791634924488e-07,4.78093358722771e-08,8.91627354084577e-07
1754,3.93220484081682e-18,3.68800124664095e-09,3.67981418539722e-05,0.00053237434837886,4.23017147437247e-05,6.07338633975734e-05,4.81563950608326e-08,2.14349681671883e-09,5.50194214272083e-09,0.00635426432110216,0.00779106469106257,0.00049066770518452,0.000590734441922065,1.4008019673669e-06,8.04697980385446e-10,1.86103065254208e-07,1.65925026088246e-09,0.000551895855214074,0.00557846426079238,0.00137836607648152,0.00075118281904447,6.0854013231603e-07,1.17923689502915e-09,2.88164637056672e-07,0.0479423552296662,0.882562308910266,0.0305883025371723,0.0146366800282556,0.000108497338723746,3.19651830916033e-14,4.60973883365858e-07,1.92367505875484e-19
1762,1.26235379322906e-06,1.10252326676618e-07,0.00240340850512925,0.000222502262215184,0.000399704224565585,4.04311198424096e-05,7.63979526534817e-09,8.11508648946809e-09,8.2863389112033e-10,0.437167693455013,0.00343000852275577,0.0048837038470754,0.000414245914583613,2.34091462054535e-07,7.62501084872334e-07,2.95244134598738e-08,2.19926535064897e-06,0.00468012111625385,0.000489647112360219,0.0014209565774208,6.25940582147522e-05,1.01694638109497e-07,5.67604831929501e-07,4.57160223033663e-08,0.428252990816147,0.0816009093134002,0.033216409582971,0.0012847277987863,1.90989281844404e-05,5.80201935532372e-07,7.70344794484537e-08,4.86002122695304e-06
2210,4.65313638742777e-11,0.00955501135844235,0.00197557693876237,0.00102863984427407,0.000704767438515755,0.00026024972117491,0.0026528097743557,0.00386742155486498,0.00251980316593788,5.58342009891518e-08,4.6768711571564e-10,2.35691484497906e-05,4.5775807876133e-06,1.22323747455918e-11,1.75159957099716e-10,9.03359930948261e-12,0.239598230054827,0.0739512846958522,0.0142726439204963,0.0808088279049716,0.0042623446702924,0.0443899769765934,0.340045467340155,0.174757103115568,1.05141683501393e-06,7.01532065398318e-08,0.00517032886140309,0.000150186141161825,1.25457513246112e-09,1.6800374184939e-10,2.96296944326288e-11,2.26017553943861e-10
2211,1.0080373372518e-07,0.01371418986847,0.00103390854558797,9.57169743828291e-05,0.000102481302752394,1.03662497880566e-05,0.000950307372994643,0.00100942842658301,0.000103073036376445,0.125321133140445,0.000983266973265878,0.00083440508239546,7.07759739970951e-05,0.00220735046424582,0.0142352224557528,0.00165899515139064,0.00152603777996946,0.00766445376882141,0.000263013087399811,0.00232704575899135,3.3622288559182e-05,0.000130258124009089,0.000393852618721992,0.00022908413130305,0.701333398845276,0.0438317852824594,0.0543972323132307,0.000690089283276657,0.0244633404684607,4.1812537845373e-08,0.000386021703457176,9.11364770957725e-10
2212,4.59112160223591e-14,2.79853612343258e-05,0.00212984270388286,0.000181117852685543,0.000421385894396117,3.91528985130104e-05,6.40750426269525e-05,6.80396887031594e-05,6.38376318457538e-06,0.421755839217566,0.00303959090219435,0.00560510409436523,0.000436716387990318,0.00213740029326128,0.00664917977066488,0.000247621563534945,0.000599282786273305,0.00292802763307104,0.000235331782058486,0.000816593236153184,2.76335950007521e-05,0.000928535144563269,0.00494413810391041,0.000383420756052485,0.291683317265971,0.0426958330166951,0.0207812068778669,0.000617459543243535,0.189846412084411,1.45861992353433e-10,0.000703372594017713,5.75032256620021e-17
2213,3.20331772076041e-19,4.58744545976319e-15,5.21655592861211e-05,0.000285740345027849,4.54144689863966e-06,0.000308404258010042,1.43913417118094e-13,1.15359846355301e-13,2.48821210169484e-13,0.0108033009526671,0.00501515630686186,6.3176703657263e-05,0.00359761735177878,5.82987335865323e-18,1.23411071244501e-11,1.00938797051288e-11,2.52159844855971e-14,0.00176858243653513,0.00359089178815441,0.000471625069375749,0.00393488983942931,2.37216035453917e-15,9.11477021103505e-15,9.36617533136428e-16,0.18425562725036,0.681343721931874,0.0125522304089901,0.0919523283280957,5.41545165242577e-16,1.0636869353937e-14,1.23704279057752e-15,8.67909714927781e-20
2215,7.83361055565801e-07,0.000903377160725486,0.00315270482333002,0.000273866394405225,0.000293220560508893,5.64171765751422e-05,0.000117779931475026,0.000156409435976742,1.49858397720234e-05,0.61116036550781,0.00449936179832802,0.00381818006109893,0.000616034756614115,0.00168411245854402,0.0156625210345392,0.000569050849032377,1.22194169815582e-06,0.0031902802496738,0.000102724392456476,0.000908868696132345,1.23217413739063e-05,2.62695897964129e-06,2.95915376524213e-07,1.10808293638893e-06,0.311116863519789,0.0182447025074921,0.0226425027954084,0.000269526520775602,0.000525794012216291,1.488136198676e-09,1.98994185918242e-06,8.59049586594373e-11
2216,7.2617830674077e-11,5.8254912149331e-09,0.000231965225547431,5.86084829341722e-05,3.09874596550265e-05,7.42487458863972e-06,9.44679938649811e-10,1.11989808294907e-09,1.36395878925967e-10,0.0407733482180962,0.000734384431229054,0.000432479477296503,9.2593329245099e-05,2.13799928218448e-11,9.1525423136236e-11,1.06854800016831e-11,1.41439459400085e-07,0.00840737263809398,0.000787385125794833,0.00344020711244369,0.000117742445930086,1.5305557090811e-08,9.53409810058587e-08,9.15914863069041e-09,0.743424099378618,0.106659911805919,0.0918597834643609,0.00294143447992594,2.12314224005122e-09,8.3898191374437e-11,3.39348570018828e-11,3.4152719988321e-10
2217,5.27053983717297e-11,0.00153693834569482,0.000122990936867272,3.72344751150573e-05,6.14598120051514e-05,6.41806295419445e-06,0.00032971755485375,0.000350198329996958,3.69197502866052e-05,0.0216699476890998,0.000555994238303992,0.000727387939192005,6.3695789209837e-05,0.0097861126563995,0.0314642201827403,0.00127421181649689,0.0295640642190883,0.00343487703675123,0.00036656040084347,0.00319978285254665,4.83761354802562e-05,0.00425130919967155,0.0234109041358069,0.00197300772629723,0.0229659135595503,0.0591727337769393,0.00593905066639602,0.000961774970198142,0.77338887358648,7.89241206721965e-05,0.0032203997848146,1.9654257196372e-10
2218,0.00213990496050089,0.00015976234134953,0.000195579594566504,2.71737948669084e-05,1.64861615886032e-05,2.50274439911953e-06,2.09472848159149e-05,1.00003059633883e-05,1.93215608485879e-06,0.0418321811930223,0.000492580894207856,0.000236862678296305,3.01526484033082e-05,0.000754741261566928,0.00109429802745913,8.09519464251899e-05,0.0037474068039243,0.00684824585227092,0.00035269183646232,0.0017682210469552,3.83423579562382e-05,0.000327876714823322,0.000822494099371362,0.000125347146909061,0.736867084820026,0.0691152224255144,0.0486043274315912,0.000925386865908453,0.072408244341849,0.00098180167198985,0.000248369161655975,0.00972287942927573
2219,1.97352677275799e-13,5.50796105820277e-11,0.000559454884115009,0.000380489424909284,0.00053144065392026,0.000149575685889775,1.50762614273188e-09,1.60553650009665e-08,2.29161146503735e-09,0.000645506508667546,2.7119986531604e-05,0.00581673829058455,0.000700558602412911,4.05697798462181e-10,1.35139300053173e-06,5.84128382553806e-08,2.97526522682258e-10,0.0149234260635937,0.00376214363579754,0.0434229619626913,0.00174570553620662,5.88553139673623e-09,4.98801977829702e-08,4.48472977472689e-09,0.00226088989214298,0.00289890033001545,0.909296445580625,0.0128771514624498,8.07213698156755e-12,3.92884675740717e-10,4.29087989376931e-10,4.72907093631772e-17
2220,2.78232177057273e-27,1.47460792417406e-28,2.54061541941175e-25,1.98258013637348e-26,9.57289299798275e-05,0.000572320727746565,8.08165910920395e-30,8.80546901109117e-09,9.86701917763624e-09,7.58132532949869e-23,5.01391833778648e-25,0.00191884335935219,0.00961983617247431,4.06246954983951e-28,1.35733029814194e-06,5.7675357644142e-07,4.82561003765784e-27,1.24112055029815e-23,3.590005392454e-25,0.014324499065118,0.0122326635150533,1.76482887301775e-28,1.0103951010092e-06,8.93053452931342e-07,1.86312938882214e-21,9.81505277107096e-23,0.549334735478185,0.411893348783044,5.43750010310043e-26,1.69899824363464e-06,2.46876588638205e-06,1.76370929681888e-26
2221,6.87322414409916e-24,1.77646080474345e-22,3.00018715550381e-19,2.1991208394759e-20,0.00044193989040191,0.000693375712901636,9.23358244541919e-24,2.8208287211052e-07,3.35600200323247e-07,7.7777443012986e-19,4.56882494197469e-21,0.0033776713818108,0.0021894963747935,9.07178983156255e-25,6.44645155144289e-14,1.75873060221729e-15,5.057606247449e-21,1.27507904887348e-17,3.46439313752835e-19,0.0575324896209953,0.0128932945818103,1.75422796211035e-22,2.81597750380231e-05,2.64257558616013e-05,1.66289669274418e-17,7.78096794230243e-19,0.841256934542618,0.081559594680554,1.05636952783687e-22,7.02007633846822e-14,6.54941721709605e-15,3.7904771463229e-23
2223,7.48077048874852e-12,5.06687058575823e-09,0.000299945760572613,4.12385213272359e-05,2.78967645136125e-05,4.19067892263069e-06,8.37436251641361e-10,3.49940155687985e-10,1.09855092006323e-10,0.0581452977480005,0.000677509293837468,0.000363258530882654,4.57591823424956e-05,9.50026896708405e-09,3.40238415348777e-09,3.99419193208814e-09,1.23322091500343e-09,0.00822258192129391,0.000383798664083575,0.00234250496031244,4.60364648103639e-05,6.57247684092634e-09,3.34807033747554e-10,2.89352927837628e-09,0.801868079661311,0.0681658200309588,0.0583584574293758,0.00100700443327126,5.81309967635798e-07,2.75491248095237e-11,4.29992901497987e-09,1.42760776424689e-11
2224,3.52021535213522e-14,0.000146584100442382,1.20610991138721e-05,4.38520018225163e-05,4.6936109069171e-05,5.18334580962987e-06,0.000398911454576127,0.000423594121546169,4.72221255234642e-05,2.96478320279286e-08,0.000619387075237145,0.000501815928261797,4.86591585463734e-05,0.0111993368593083,0.0348276373709496,0.00154161548778415,0.00264184049040819,0.000324493490872872,0.000443486070237705,0.00374327890451734,6.18753898456768e-05,0.00486524583273238,0.025905830930833,0.00238705937976599,1.87290961725876e-08,0.0677179388509022,6.88595382867211e-09,0.00116361123843353,0.837197025718066,6.43008810190852e-10,0.00368546155946784,2.74848952407519e-17
2226,5.75854696906126e-06,0.000539124952512192,3.65800175438157e-05,6.48906752690901e-05,0.000577763632107346,0.000701237591419495,0.000715838283119261,0.00632322426336856,0.00774722341430549,1.16453301765655e-05,3.08451365375325e-06,0.00784365121175853,0.00798298188046518,6.7633585218812e-05,0.660151156869911,0.306705919091744,1.50517145035639e-05,1.52454351847738e-06,1.51435806417583e-07,4.16587322785098e-07,2.25060008661785e-08,2.01464682732681e-06,3.4962053536072e-06,1.05290490578602e-06,4.40259335634743e-05,2.80412820542846e-05,3.07328874658196e-06,5.13255762198304e-07,0.000420404499275957,5.08959373849256e-07,1.97134826987431e-06,1.7029172503159e-08
2227,2.51403910676747e-37,1.60867802923723e-36,2.74922986889089e-18,1.0005984001951e-18,0.000315483662779748,0.000193174265369498,1.76433328932308e-37,2.07958873338358e-19,2.46416526914785e-20,1.13735823208446e-16,2.03083237663359e-18,0.00443033774064063,0.00227478896231609,9.22533081797027e-38,1.53564271332844e-26,2.17803658193934e-25,3.68814878110756e-35,9.40913571589264e-17,1.26936873272547e-17,0.0330732409785585,0.00289264052369116,2.69927009486826e-36,1.67178273854217e-17,1.56251773676272e-18,1.95820790909671e-15,2.78517894406708e-16,0.888583030251904,0.0682373036147379,8.6507696971863e-36,1.34667008205958e-26,6.53158259745287e-25,1.11649124338041e-36
2228,1.32439403770202e-09,0.024339202453814,0.00179123001047227,0.000161879271246197,0.000173319295902175,1.71142154343302e-05,0.00164639231675277,0.0017488185960307,0.00017432005264831,0.0985218955637978,0.000754593299618593,0.000640351503165009,5.30225235760593e-05,0.000778203059760571,0.00993762465001031,0.000375643747802523,0.492912956849004,0.0541520154753978,0.00181402731463395,0.0160498650882589,0.000226374122852876,0.0222496731049958,0.124185740924466,0.00976398405079043,0.0609369845654435,0.00563994402322178,0.00461387993153773,0.000283485069951457,0.0650403761496301,1.32254056445081e-05,0.00100385081601971,5.22372610267644e-09
2229,4.41882320089518e-11,0.000326421354900694,2.43105057249779e-05,3.52236586429269e-05,6.38801025676411e-06,3.76851835016058e-06,0.00035400234351616,6.36931950102508e-05,3.79306750137439e-05,9.40035118833242e-07,0.00054965700699308,9.16046034802493e-06,3.90849566554905e-05,0.0109801058707013,0.000702395079679868,0.00136806173203596,0.000186740998287968,2.07612971171457e-05,0.000393558786993824,9.23968812713434e-06,4.970075526183e-05,0.00477000692107857,7.06459455724875e-05,0.00211832627229847,8.03558517300731e-06,0.0663923361953881,2.27471617239965e-06,0.00103261287842665,0.906831268096594,3.10712596077415e-08,0.0036133173431357,1.97661016870571e-12
2230,2.38345292219164e-07,0.00126391498391834,9.24747388245485e-05,8.30851167374569e-06,0.000923426154046269,9.06509764768533e-05,8.49972915841863e-05,0.00937216185654072,0.000928758075967652,0.000436109691258776,2.40438156119352e-05,0.0116257095495914,0.00095702143791217,0.000488909332275192,0.907389625446871,0.0340979214484631,0.00185347548730637,0.000202437737510013,7.68927767030851e-06,5.96497287480783e-05,1.79474191001804e-05,9.48648052390493e-05,0.000464246440378104,0.000778649569729225,0.00673154261446289,0.00132039557735418,0.000514025559864463,0.00037956550131031,0.0183578905446229,8.13486508529739e-05,0.0013519650989935,3.43305490442175e-08
2231,1.12768392419988e-19,4.27033390483023e-20,5.26469026950519e-13,1.44420916085585e-13,0.000270214450872775,8.62550321353907e-05,3.01421406615977e-21,2.83993249854393e-11,2.79207292474897e-12,1.21317222631135e-10,2.82046055566902e-12,0.00418261912882795,0.00111958242302701,2.82879800573045e-20,1.77044034286949e-10,1.71181128064679e-11,1.0781487800065e-18,1.98605509681451e-11,2.01947218161629e-12,0.031223978501751,0.00142367030089816,5.08299396710099e-20,2.51646089354817e-09,1.95146905189316e-10,2.3023098500237e-09,4.26362345307291e-10,0.924675362754621,0.0370183113678286,2.92384621214429e-18,1.71132349571024e-10,5.65833849934802e-11,5.52014478694148e-19
2232,2.71039830173776e-19,2.00010147884833e-08,0.0301801880539561,0.00397595346292707,0.00425833081105654,0.000612977428551419,3.62481852363458e-05,0.00156758626439723,0.000227796859953952,3.69086402105214e-05,1.40615178547841e-05,2.10289282737086e-06,0.000478381647937962,2.59521496958305e-13,1.5561405673416e-13,0.000140084263426088,2.50763938475797e-07,0.591626507607125,0.0288905818348198,0.25561353846743,0.00560522242753855,0.000338961629988402,0.0571719396973871,0.00882730164161624,9.25474111593838e-07,0.00117878326071977,0.000187103909793412,0.00877223556238503,4.59698532190428e-14,6.63995549667081e-18,0.000256007693335727,1.364225059523e-21
2233,1.12441738487275e-15,1.2984016190952e-14,0.000119714175758909,1.72914190740152e-05,0.000275590466663333,4.05461410186351e-05,2.96117698728896e-15,1.21305714177342e-11,1.7239780870605e-11,0.021640561761696,0.00026490727716871,0.00334639540949402,0.000412852077323547,6.48876600130003e-16,3.92871615328868e-12,3.91618931785524e-10,1.09979459649658e-13,0.00354272435954316,0.000189675716568581,0.0249814231480541,0.000524986127917664,3.91726709966422e-14,2.16325591088474e-10,9.45235381924302e-10,0.322168562985544,0.0314142009978627,0.580352073150194,0.0107084921813698,2.50050063033011e-14,2.59882645551916e-12,1.01547687191697e-09,2.00355600643466e-15
2234,6.0157151615438e-06,5.6525782329821e-07,0.00218721398332141,0.000285836611824017,0.0006380818954908,6.9429964594997e-05,4.21341286255643e-08,4.47554006518479e-08,4.91596155511295e-09,0.369843721836587,0.00409623754754747,0.00724758828853627,0.000661296033746225,1.20017446120107e-06,3.90930246147227e-06,1.6282968211397e-07,1.0481971176746e-05,0.00402215855417398,0.00129373757556359,0.00278763734177033,0.000177905589579063,5.21382994558382e-07,2.91007982770779e-06,2.52127798890539e-07,0.342144063899547,0.200430820017201,0.0605779628334685,0.00339448673484299,9.10278558693082e-05,2.76531428314075e-06,3.94951674300231e-07,2.1522523500054e-05
2235,1.33955083050452e-09,1.12382070165404e-10,0.000262088201979109,0.000184904909171727,2.50664520322968e-05,1.93225318686515e-05,1.14379932288333e-09,3.05046850079524e-10,1.1970538543972e-10,0.0494066098553421,0.0029541077150447,0.000317409971158967,0.000205174608169656,3.63220879569637e-08,2.97050969932064e-08,4.42027605586709e-09,2.74541960700276e-11,0.00808823736575902,0.000633152458436743,0.00236952058278514,7.80982122355435e-05,9.63540845809906e-09,1.59476634830045e-11,4.17949098630481e-09,0.767033473881319,0.109354639959297,0.0574049684766239,0.00166125469484063,1.87541846256313e-06,1.69406527542029e-11,7.29889684981273e-09,6.33891446216273e-11
2236,7.60270717824634e-28,4.10088809674352e-27,1.02908981973874e-23,7.48109228761726e-25,0.00020527359397827,0.000222937805039507,2.11377892026082e-28,1.08165565933755e-10,1.02797902461194e-10,1.28501949081394e-22,7.49530420273072e-25,0.00356880716578866,0.00207313526778475,9.96010600216745e-29,1.13856731295059e-14,3.09827604774095e-16,1.16398465691256e-25,4.36035647913843e-22,1.17495988618042e-23,0.0266417655515064,0.00413293859503949,4.00364270018198e-27,1.07651836455278e-08,8.06992339424689e-09,2.73905829347548e-21,1.27261876765929e-22,0.886164396050428,0.0769907269243393,1.1562900730575e-26,1.23611755782894e-14,1.15027954823105e-15,4.18005110239691e-27
2237,2.51994833999359e-13,7.959875598697e-13,0.000244510360807824,8.13300567046991e-05,2.0852396668216e-05,8.60656066849386e-06,7.11218266954921e-14,3.6522599131674e-10,5.41353311518649e-11,0.0578409619650175,0.00163053309272897,0.000331347984674467,0.000114680577747921,4.9173107188942e-14,4.46299873523752e-08,2.50851763497161e-09,4.61066644138119e-13,0.00624310865014216,0.00065613569984966,0.00145749419387503,6.85768476828433e-05,1.79941333110338e-14,4.8933788940212e-11,3.09092696762678e-12,0.742954093049797,0.142207742708874,0.0443094631192141,0.00183051504987947,1.82279943185274e-12,6.52292791730944e-11,6.77365751113313e-12,3.03648275861561e-13
2238,7.12749283412831e-25,0.00592424559986788,0.000898819598156603,0.000167458378695526,0.000179292679445579,3.64978348037095e-05,0.000826141629997417,0.000877538014963619,0.000180327926891942,0.0812391719828674,0.00128274443379789,0.00108854309569699,0.00018581554912461,1.39556178079164e-24,3.61121828698453e-24,0.00319266945656439,0.0587212734864658,0.0132994696118399,0.000918455212915955,0.00812616333722832,0.000236284594410251,0.00546441067309303,0.0304994093599176,0.0049435760850637,0.604714137832188,0.0760575396472646,0.0943908541872844,0.00240982722901315,2.47566667869539e-23,5.84819102762253e-25,0.00413933256244166,5.95466660204691e-25
2239,0.104281675378022,0.00841669382915966,0.000589022763607408,0.000430995523721621,0.000503124026520598,4.7242260712355e-05,0.00460966445650422,0.00533859982602005,0.000506029096963345,0.115418111215627,0.00715739433597505,0.00662227263344738,0.000521428245452074,0.152157927706716,0.540376057469147,0.019422963484713,1.0386721949425e-06,1.08509667515494e-07,1.19059145359405e-05,3.05823412328658e-08,1.41283438219765e-06,0.000153566694833897,2.4884306409613e-07,6.40834670466112e-05,1.06962898377822e-05,0.00213745007093643,7.70129975352339e-07,3.12385368731512e-05,0.0310691516615053,2.74765953820644e-07,0.000116327965756048,2.49280878625803e-06
2240,2.5258567864101e-17,1.29550155629405e-05,6.39153285617996e-05,0.000108068682903059,0.000422353736078756,4.4697169495631e-05,0.0010255299438409,0.00397631319055394,0.000424792433676943,2.74532585367825e-06,0.000533969872912847,0.00493242252312655,0.000437719440843794,0.0100718286132444,0.357109371497087,0.0144666744878476,1.13252876411466e-06,0.00045581312855984,0.000239888047334877,0.000144789541801534,0.000556607673752311,0.00274533166220477,3.04995738618181e-05,0.0224004048375735,5.05111045954224e-06,0.0382114713250204,0.00175098064000451,0.0109194446671103,0.492809543778371,1.73951455224228e-05,0.0360782890780698,2.09655192448374e-19
2241,7.9465574786109e-14,1.93613000593771e-10,1.7293765856535e-11,1.23457971728679e-12,6.41013124253299e-05,0.000706950054947054,9.89071751895988e-12,0.000943831771654473,0.010507730146385,5.04156924615784e-13,2.90127870410366e-15,2.26549899342818e-12,1.42053296619197e-13,1.02218889027475e-14,4.67040880355719e-11,1.26859042497321e-12,5.77326132493455e-09,7.69796004119031e-10,2.0370164147278e-11,0.00874005571103126,0.0137683319417231,1.96807167919523e-10,0.0986834609011007,0.866585530459238,1.12894987597101e-11,5.17506576882292e-13,5.90979548437983e-10,5.54216511704159e-12,1.24666956329926e-12,5.32688502795193e-11,4.94791330064026e-12,4.58996865665704e-13
2242,3.43607587631318e-15,2.12569137483766e-16,2.00501391687664e-06,8.240769732554e-07,0.000210750346996295,0.000119431192297515,1.06876843098929e-17,2.56607707536628e-08,2.90516973036024e-09,0.000512572544475681,1.78544316139627e-05,0.00361906482084521,0.00171979908446948,4.60261822608829e-16,3.38871068309862e-06,1.45481435930787e-07,3.26596551399242e-15,8.39120194449494e-05,1.27839149852657e-05,0.0270169476784704,0.0021869107889808,1.08996428166563e-16,2.05281187797001e-06,1.70819246360049e-07,0.0107915783284853,0.00299428514973177,0.88761706656449,0.0630850658927988,2.87700547704024e-14,2.95721291725818e-06,4.04548876731871e-07,1.02262903689707e-14
2243,3.8856832222356e-06,1.42575035493899e-05,1.68684572969801e-05,0.000857200438811397,2.72076647913053e-05,0.000185633169731864,0.000258162828557451,0.000312302883878343,0.00072324106323665,0.0035756060688003,0.0153991583942331,0.00038739649133733,0.00221641906481045,6.15554202255148e-07,0.034196144285539,0.0300300113057406,3.27753515921676e-05,0.00058535387664892,0.00426543717333522,0.000152506509118685,0.000467907092430685,1.27648838519643e-05,4.57888305140562e-05,4.92417426934294e-06,0.0624188329616142,0.828379195750554,0.00415445533027424,0.0111915817988707,2.1853492308739e-05,5.46926976907124e-05,6.2143906390326e-06,1.60482854935394e-06
2244,2.54683125241472e-20,2.32976397571712e-15,0.000210685897895536,1.90403685812454e-05,0.000131030154974375,9.82327132984399e-05,1.57593722175025e-16,3.71279896886349e-14,1.96970448071935e-14,0.0392575224172925,0.000300678983145762,0.00164001866078688,0.00103101636063017,2.76542523231355e-16,3.57368032636871e-12,7.18930010487324e-13,1.1255888065056e-14,0.00642675465150005,0.000215288542447113,0.0122430242462045,0.000275776662406937,5.08081247356293e-16,8.56487731736064e-15,1.58646986250263e-14,0.60242361290578,0.03675358198304,0.293175411483151,0.00579832396441744,2.31127859155285e-14,8.99298896849808e-15,2.73851734593632e-14,9.12010002182968e-21
2245,3.93206730806271e-09,6.46985730499866e-06,0.00057795789113494,6.84468899930792e-05,0.000115945453418036,1.13165393616906e-05,7.75657076464392e-07,2.5152843188534e-06,6.80669642484384e-07,0.108951642326867,0.00109353227399486,0.0014681871601938,0.000120163679643783,5.43989293033744e-06,0.000108415731002686,2.51346061965145e-05,2.39205354117041e-07,0.00777285617327105,0.000417463408309017,0.00272094363598151,5.14933574500971e-05,2.84202703801409e-06,1.73587629807635e-07,5.16665892675358e-06,0.737124864535236,0.0721020034014021,0.0659186861616503,0.00109533341888905,0.000222145481408624,1.35218483830555e-07,9.02284768363137e-06,3.03614016042884e-09
2247,3.10184532248801e-09,6.19892275173293e-08,0.00163220732911703,0.000150368261967058,0.000358378112605402,4.51582049042735e-05,9.37676148350831e-08,5.14324189447673e-06,1.51851379296187e-06,0.314683503643134,0.0024569433044069,0.0046411996006856,0.000490407744748801,2.2962249778532e-06,0.000512226980309417,5.73476352561952e-05,1.86259142768336e-09,0.00591041683548089,0.000276105116763077,0.00178354850355441,3.33001492591659e-05,1.39402386424321e-07,6.43475919976966e-09,3.13920689994228e-07,0.573244121641362,0.0487713124138057,0.0441911182604158,0.000724439928140953,2.77497666679336e-05,6.99079306762481e-09,5.60679714202099e-07,4.37127836837506e-10
2248,4.43411735561307e-14,0.000417117067679484,7.02482894955073e-05,0.000175126074557851,0.000243986222916983,5.31043372769261e-05,0.00158132392477263,0.00218570270120065,0.000480228892784733,0.00024897543761083,0.000508461814031175,0.00264759452390328,0.000246925246629362,0.00912581071754692,0.18239544600667,0.00776532991111998,0.000235936626549228,0.00190247932376371,0.00131202132212526,0.000820976887454858,0.000184414859849329,0.0142872499948291,0.00210382629819859,0.00706194176911446,0.00182766757190403,0.055180150387398,0.0174541097767135,0.00297449683014879,0.677157621122616,2.44237602451382e-07,0.00935148182349043,1.66290037095352e-15
2249,5.54126588168584e-13,0.000542058898588948,4.1120270352886e-05,3.4462262113959e-05,3.68910141398357e-05,3.75555394539065e-06,0.000340033262211259,0.000361122020356582,3.711076347106e-05,6.77225136120694e-08,0.000527967310410196,0.000436359793531133,3.82400940977974e-05,0.0103544667976106,0.0328484465806147,0.00131407744092896,0.0106499091233467,0.00120602070038085,0.000378028791798964,0.0032557229721432,4.86264210216796e-05,0.00449821512381522,0.0244389937955031,0.00203473622700631,7.4658061121445e-08,0.0626093453784739,8.74088961924363e-07,0.000991865540112569,0.839563686754008,2.87697172422417e-07,0.00340743294275173,1.05282002726656e-15
2251,1.20173993302297e-10,1.41192057868571e-08,4.00928389678548e-07,2.95502348177505e-08,0.00026160702893787,0.000437582761488461,7.30318668656461e-10,0.00386254441456485,0.00652193985775812,3.03731155512678e-07,1.77656596377015e-09,9.52708133206733e-07,6.08126729317122e-08,1.56534087843785e-11,5.27035861279962e-08,1.45158333098585e-09,4.22175839010171e-07,1.78957248569339e-05,4.88914293110604e-07,0.0357678713341599,0.00854573077292635,1.45720925971186e-08,0.404967034985997,0.539356253534994,6.82016171558067e-06,3.17763614825707e-07,0.000249209651371087,2.37913257224965e-06,1.91436847330094e-09,6.02774679361843e-08,5.67726322931501e-09,6.96045436005264e-10
2252,5.05798413851687e-13,0.000559998018092171,4.4169766830028e-05,3.84923646721246e-05,4.12051410086566e-05,4.36148063541836e-06,0.000365277631965932,0.000387932038277997,4.14505883585162e-05,1.41571784574189e-09,0.00056716406991455,0.000468720416892389,4.27119857147323e-05,0.0106979430817099,0.033935546417502,0.00141163571093278,0.0105817325324087,0.00124593324406396,0.000406093983233544,0.00349743090110708,5.43129155154487e-05,0.00464742900860577,0.0252496804647234,0.00218579684188184,1.26784842001495e-09,0.0646862099549711,9.03016417467524e-07,0.00106550251397414,0.834251613750027,2.85855445652563e-07,0.00352046362104442,6.52193549850933e-16
2254,4.14010956312095e-13,0.000576520012211308,4.70916945412969e-05,4.24994342375226e-05,4.54946113088337e-05,4.98693629194472e-06,0.000389439789012665,0.000413592722169019,4.57656101165731e-05,2.15435414690696e-07,0.000604680485181438,0.00049972731192077,4.71583194095596e-05,0.0110135216784158,0.0349367696574297,0.00150501170977718,0.0105194579666149,0.00128269284148088,0.00043295603483472,0.00372877314344484,5.99669103433554e-05,0.00478452350552214,0.0259944953773394,0.00233038156852269,1.80194896505279e-07,0.0665943883036412,9.29658711838313e-07,0.00113598270992202,0.829338198434956,2.84173157524757e-07,0.00362431376875958,3.30317605628121e-16
2256,9.98601831920621e-08,5.7607748664182e-09,3.71478655100889e-06,0.000234189137736386,2.44303661009589e-07,1.6828021294813e-05,1.28011102249799e-07,2.81332479607291e-10,1.3318809953232e-08,0.00101840549310994,0.00544119033436867,4.49890641056556e-06,0.00025986148657648,5.91177495044371e-06,3.98413081081473e-08,7.1523772092472e-07,1.5428516078959e-11,1.15204408834331e-12,0.00389593553898523,2.32073959529094e-13,0.000330442023005264,1.39047129820839e-10,2.64195981317738e-12,4.14730529997346e-11,1.58883505836569e-10,0.978565646325269,8.17644828958632e-12,0.010222089670023,3.93585754630456e-08,4.0813944544909e-12,1.05329282327599e-10,5.18059453512366e-11
2257,2.76890178868208e-16,1.49013303521131e-09,0.000315385998699796,0.000236175539660534,2.99920461224516e-05,2.45396744620151e-05,7.54094473443071e-09,1.05228066146416e-10,7.84707678839584e-10,0.0597945638528858,0.00379484910180799,0.000381957905755797,0.000262065642422204,2.40839900100185e-07,1.42493011649328e-10,2.91424000533538e-08,3.04030144042794e-10,0.00436543416727626,0.0027171421274194,0.0012716053047736,0.00033324484587168,1.04626312703884e-07,7.52811544617572e-11,4.51245073414773e-08,0.416360558354914,0.471979334148845,0.0309829693945637,0.00712919148552229,2.04809778132961e-05,8.2949955384944e-16,7.92552456414063e-08,8.5746832617154e-18
2259,0.00202117842180182,0.000112400828946812,0.00306426446107125,0.00445390400516541,0.000194266837941902,0.000308520107625378,2.21959888139792e-05,7.20566657974421e-06,4.2805898590849e-06,0.871438607301932,0.10734744358689,0.00371107164255174,0.00494215114773617,0.00106333090551166,0.00105855045064588,0.000238458216037076,3.46025039996877e-13,2.44925609793655e-10,4.5909485440287e-08,4.75628452603351e-11,3.75372325827441e-09,1.98875774985631e-12,5.71196968328119e-14,1.32809995118575e-11,3.50402822748521e-08,1.19620141419338e-05,1.73832026355265e-09,1.20456530191324e-07,5.83959746332222e-10,9.15360020452166e-14,3.49894860029247e-11,1.20527641074149e-12
2260,2.69814683912946e-08,0.000100794997516664,6.70620438625719e-06,3.42455807885413e-06,0.000793884211712496,7.08696090147709e-05,3.85259922483422e-05,0.00886058137483533,0.00079846815013889,3.12875116758989e-05,1.84519518383174e-06,0.0109911189201738,0.000822766613767357,4.12605197858198e-05,0.943373541920685,0.0322366826706048,4.69299436521211e-05,4.66108708253106e-06,4.23960245940045e-07,1.2489261848046e-06,4.20947643540597e-07,5.75191096271234e-06,1.06891783763903e-05,2.00833228709307e-05,0.000359988312710894,8.00591723913026e-05,2.46414649581731e-05,9.78994506621571e-06,0.0012240446370556,1.1328071622114e-06,3.83465632248512e-05,2.38913550619433e-09
2262,1.05848688755998e-12,8.23834882808289e-06,0.0018920547196053,0.000459281726096582,0.000926581646060598,9.87283331219881e-05,5.20693295592467e-06,1.38764492644246e-06,5.94900092258454e-07,0.326718013264659,0.0067213862770392,0.0107476420918869,0.000960291730281127,0.000111700541988469,0.000114910975188997,1.48399372208803e-05,9.05685591763309e-08,0.00316831589510175,0.00186924852512064,0.00282226634128014,0.000251708590563847,6.57986891560719e-05,2.64193378088603e-06,3.11579374515556e-05,0.275226792677845,0.295731623818497,0.0626309208856335,0.00490450261513252,0.00449497456859979,3.24306405358855e-11,1.90978498356911e-05,9.59520127358827e-16
2263,8.8270447361486e-11,0.0239534949562153,0.00171317650730655,0.000150463168191733,0.000161096415677213,1.54590984989914e-05,0.0015746501690909,0.00167261318576876,0.000162026596727903,0.151691974514136,0.00112909633588493,0.000958156580859477,7.71021796345695e-05,0.000141581653554243,0.00184879698955016,0.000111494076928821,0.494434702834907,0.0527887701333504,0.00171853724592272,0.0152050031020472,0.000208415548462846,0.0216895505877417,0.12105943747338,0.00925000970190169,0.0820641803812912,0.00486563503199327,0.00603847362093759,7.26736390477452e-05,0.00516618755565689,1.19993787096201e-09,7.72394270549885e-05,7.03595182299546e-14
2265,8.5787810680774e-05,0.00775073746916728,0.00057724271034386,5.27920780697147e-05,0.000938972491560726,0.00015784954077205,0.000530567240195529,0.00936225140698719,0.00158877815517025,0.000101045372293695,3.70474276409725e-05,0.0116134161204147,0.00163712681905921,0.000740070030145447,0.890479957485208,0.0573031351009581,0.00150018110225016,0.000166785579379381,6.31360198853077e-06,5.00248362357101e-05,1.3392566504641e-05,7.65220500151095e-05,0.000382486054653952,0.000570812763927422,0.00153223405525143,0.000739759604335281,0.000234498547516404,0.000278252042147508,0.0101041351837924,7.86165836574021e-05,0.000973659103677291,0.00033554906599992
2266,1.00691982184475e-14,1.88558441758546e-08,0.000294885353029457,2.64943532601955e-05,5.26641098163998e-05,5.16993476871099e-06,3.19955322186091e-09,1.08425061514737e-08,2.6918962739119e-09,0.0552688444301209,0.000420843677622123,0.000663028268942205,5.45800894657463e-05,1.01018265806732e-07,1.0497447383311e-06,9.8828823210637e-08,1.91130369126244e-08,0.0086105855281637,0.00028676234229816,0.00288221785135947,4.04149862432088e-05,4.38846248595131e-08,4.78730871396453e-09,4.35421118216101e-08,0.811862933142496,0.0492425614936889,0.0694233234157172,0.000854726488985743,8.49239228112752e-06,3.1082093137388e-11,7.56019367476952e-08,1.78956331256528e-15
2268,2.20054257592311e-17,9.97343453046096e-09,8.30754545233895e-05,0.000374870144619452,0.000184481074067178,4.01067087677281e-05,8.93733812187521e-08,7.45081453928472e-09,9.57618710717144e-09,0.0152964175227004,0.00584976148535224,0.00228170207193405,0.000415964267154023,2.77209799815821e-06,9.34444738855836e-08,3.45388399109438e-07,3.24684547316231e-09,0.00127439306125299,0.00418847573138898,0.00541819487246675,0.000528943614335169,1.20426221685221e-06,1.48359814823862e-09,5.34804316828453e-07,0.118043817855676,0.706584881584578,0.128210335922202,0.0109896516712194,0.000228943616078018,2.02244299983111e-12,9.12237995841568e-07,1.24314770606532e-18
2271,1.3734092062376e-16,2.08528065723772e-10,0.000305194811808812,2.86096765240952e-05,0.000167776518747687,2.91058901691654e-05,1.46314517514746e-11,2.76267805209645e-09,5.82973409326885e-10,0.0548237387463141,0.000435556753407084,0.00202447676440942,0.00029450616197561,2.4079532155419e-11,2.56359034205193e-07,2.05134340220588e-08,1.54644129606182e-10,0.00737943233098764,0.000256417740406242,0.00923024209479549,0.000135040613903421,9.3717238477111e-12,4.04139085353917e-11,2.65087870402624e-10,0.666864046286237,0.0422017932646527,0.213086535608165,0.00273724361760224,1.73820686042879e-09,5.66989985648885e-12,4.41141188314134e-10,6.9591851431186e-18
2272,0.353460629323431,0.0263719449195839,0.0017060835437765,0.000135535573565984,0.000145113886412468,1.25959860870024e-05,0.00156813073797898,0.00166568816416361,0.00014595178331269,0.361638445390005,0.00243482582473926,0.00206620490482075,0.000150393293093283,0.0559938016734693,0.182387405742439,0.00606012839392522,8.59192802070181e-07,8.29751681596327e-08,1.23235452455516e-06,2.16181249400884e-08,1.35186007669532e-07,1.71950069683258e-05,1.90285304171505e-07,6.63313602039341e-06,8.84800352048291e-06,0.000239332290793614,5.88902958351704e-07,3.23343092543624e-06,0.00376328517667212,2.27287233572008e-07,1.3025351518765e-05,2.23066065303346e-06
2273,7.3619290422442e-15,2.77377835709331e-07,0.000286153594416248,0.000230846246117278,0.000294804071526744,3.11987474655043e-05,1.61652777120438e-07,7.99448717685674e-08,2.01346774825968e-08,0.0497499928284002,0.0034013939540375,0.00344284451182599,0.00030552937579105,4.7343501416371e-06,2.71453622045432e-06,6.85703891986087e-07,6.82054018097631e-08,0.00378229791373176,0.00243542511349442,0.00900477082396837,0.000325725186520076,2.05670903435249e-06,2.48627396197765e-08,9.67319372417092e-07,0.330805252014824,0.387935863926626,0.20119532958944,0.00639002715667351,0.000369196135701182,3.93783404313519e-11,1.55797309030515e-06,1.60680187712065e-16
2275,1.54543120754277e-12,0.000147886046761394,1.06362043547109e-05,0.00110166769442458,1.07598047201954e-05,0.000113823209616734,0.011465110500764,0.000111093276695417,0.00118633330268064,7.79678579807217e-06,0.000806714198251535,0.000137805789906622,5.53964085413738e-05,0.0166874668776506,0.0109417700487009,0.0020078609192221,1.33236481963595e-06,1.43048071519138e-07,0.012746228913299,0.000799056392008701,0.00155445849915385,0.159973139066115,0.00632649715442531,0.0686064508583703,6.73133775874259e-06,0.0463539996829594,1.59267414596567e-06,0.000696226970009195,0.655619264565356,7.0367877782621e-10,0.00252275670018943,5.24694241149647e-15
2276,4.39187953612481e-11,0.00128059658581326,0.000525953307213378,0.00011272284427089,0.000233513966211394,2.43851597805529e-05,0.000274731306667767,0.000291796548628508,3.0762727336692e-05,0.092668459518466,0.00168320492624611,0.00276367982773557,0.00024200946739159,0.00815410486251829,0.0262163886549254,0.001061714404236,0.0246331544834378,0.00286198325273816,0.000462004251557684,0.00266616123481613,6.0972162334995e-05,0.00354232801463219,0.0195067127849655,0.00164397370637929,0.0703346818614076,0.0745799451286363,0.0157701915908804,0.00121219892888281,0.6444125666799,6.57605815140855e-05,0.00268334102279495,1.63761771054345e-10
2277,1.13089169664653e-22,2.57336689984227e-14,0.00105808629332389,0.000686373081804095,0.0010144375199633,9.84472318145943e-05,8.49891868006473e-15,7.36338195575194e-15,8.84394062673548e-16,0.200604366360096,0.0110285860963133,0.012919172938829,0.00105134389985957,2.7143531718522e-13,1.58022026573574e-13,3.2844543610631e-14,2.05833186480135e-16,0.00198267904482895,0.00286618056694842,0.00283258868415969,0.000351523717377374,5.36530130759516e-14,5.09665248936145e-17,2.31401233577857e-14,0.189101317878453,0.497867955410737,0.0690167052459195,0.00752023601844666,1.05027706895785e-11,1.3345815744021e-20,4.064257471035e-14,1.42279036075945e-25
2278,1.12894898887875e-05,1.06850811047083e-06,0.0015186303401619,0.000673030171424748,0.000933843585250389,0.000102345590457113,8.0221307127244e-08,8.52120800515074e-08,9.42732913678229e-09,0.254949740762953,0.00957585007660059,0.0105309307609258,0.000967817867000335,2.26869243986782e-06,7.38976309389243e-06,3.10019700527119e-07,1.96720548986135e-05,0.00236460325850431,0.00281713964531312,0.00330018773576266,0.000390190104636593,9.85571428379259e-07,5.50093031850154e-06,4.80038919758486e-07,0.19970255994581,0.433313492251436,0.0712020605933177,0.00739156327901341,0.000170836663650544,5.18980766874917e-06,7.46578023925963e-07,4.01010525737761e-05
2279,3.44712600208281e-22,2.90043765507888e-10,0.00142322572533879,0.000284604011482283,0.0146689007879276,0.00316532501003178,1.3593391024637e-08,4.94888510859999e-05,5.63170378682694e-05,1.71400888995647e-16,4.35199805643846e-14,3.01932022193529e-09,5.21373626466961e-08,4.32765625387095e-22,4.25559944369078e-21,3.60415473002873e-20,3.96280539986838e-09,0.0290276831410153,0.00215163657915989,0.916425914571332,0.02824642019611,1.23934846758204e-07,0.00237088048446648,0.00212811374700058,1.75863011004866e-15,3.55686700621807e-12,3.60886191339435e-07,9.32029617451554e-07,2.41838515533929e-20,2.22398411737572e-21,6.44104881103402e-20,9.1230564073525e-22
2280,3.25335392543801e-22,1.69504349680419e-09,6.34848954741388e-05,1.32987141411897e-05,0.012743982448747,0.00268746638964735,9.35744900922786e-09,0.00177170918627493,0.000449183380831159,6.60756955447203e-19,4.7710168131884e-17,2.20118611867609e-10,4.91324671690249e-10,3.68229677663864e-22,5.18092237300419e-21,5.86840590109501e-21,2.46355627910676e-08,0.00137737256073482,0.000106949801324019,0.846929742120815,0.0255111817717774,9.07539471685892e-08,0.0902894810352444,0.018055983211171,7.21183210126515e-18,4.14793851952623e-15,2.7987253660724e-08,9.34311418850465e-09,2.18894035639987e-20,2.88018545349401e-21,1.11561857723755e-20,9.15918735998992e-22
2281,7.12749283412831e-25,0.00592424559986788,0.000898819598156603,0.000167458378695526,0.000179292679445579,3.64978348037095e-05,0.000826141629997417,0.000877538014963619,0.000180327926891942,0.0812391719828674,0.00128274443379789,0.00108854309569699,0.00018581554912461,1.39556178079164e-24,3.61121828698453e-24,0.00319266945656439,0.0587212734864658,0.0132994696118399,0.000918455212915955,0.00812616333722832,0.000236284594410251,0.00546441067309303,0.0304994093599176,0.0049435760850637,0.604714137832188,0.0760575396472646,0.0943908541872844,0.00240982722901315,2.47566667869539e-23,5.84819102762253e-25,0.00413933256244166,5.95466660204691e-25
2286,2.74349590887094e-15,5.08497652961458e-09,0.000261192712280061,2.3331935948249e-05,7.44676490264864e-05,7.2682115299722e-06,3.39989712921924e-10,3.38649748219346e-09,3.33659257726902e-10,0.0492377998522332,0.000372759448629031,0.000942964496902805,7.71768659973387e-05,4.43012303520473e-09,3.2977306977463e-07,1.23207992884442e-08,7.34197390110071e-09,0.00806060188583322,0.000266898728800842,0.00509712525526433,7.106087271531e-05,1.92454588216156e-09,1.82837035633473e-09,5.96639250553114e-09,0.764412712742516,0.0460972930053382,0.123485027615132,0.00151156095688524,3.74590127149394e-07,2.49685016046579e-11,1.04194706020576e-08,6.30765448262588e-16
2287,1.33902036515914e-29,2.02205041049203e-13,3.99109144952617e-11,1.84160128012313e-11,0.00185928795401675,0.000678283757311901,1.48614840827201e-14,0.0102119089224273,0.00274662554686072,1.37019043099596e-26,3.61925004181066e-28,8.9777495816503e-19,8.99725614756938e-20,9.28424414851357e-30,1.07222440093416e-27,1.50285291315328e-28,3.80281886588869e-12,1.12048157011787e-09,1.91645206004612e-10,0.159889850279921,0.00833164915087811,1.8651005699141e-13,0.67341637561988,0.142866017394044,1.93515971501596e-25,4.07166437513341e-26,1.47707662852152e-16,2.21393664777757e-18,7.14157026415961e-28,7.71313751335644e-28,3.69695437015679e-28,4.87803412175863e-29
2288,2.67855874399742e-08,2.05533189609626e-09,0.00322720728534666,0.000579932318986612,0.000282302818215991,5.5428848869353e-05,1.25690294178512e-10,1.33509809031111e-10,2.21302521472972e-11,0.665152898658877,0.0101300652012693,0.0039084085572365,0.000643505826027002,4.36394990639109e-09,1.42146001598201e-08,8.93468218824756e-10,4.62985344519727e-08,0.00268079816969675,8.11869279710442e-05,0.000718312910921294,9.15929106009421e-06,1.88935443551983e-09,1.05453630413685e-08,7.49565617695423e-10,0.27795954423951,0.0153310559765862,0.0190265353827429,0.000213016886303475,4.02067100705724e-07,1.22476186819446e-08,1.43120068002971e-09,1.16877374650104e-07
2289,5.34911240205589e-11,0.00146616044329649,0.000107272091710155,4.14719251941664e-05,6.17311042468542e-05,6.06002424173419e-06,0.00029567582806492,0.000314042063012397,3.11236180290825e-05,0.0181442278443312,0.000658751596816815,0.000777179512411248,6.39769513689455e-05,0.0093352594318514,0.0300152541671874,0.00114265567127579,0.030000715912855,0.00327669672173825,0.000328714830192395,0.0028694206102251,4.07814340758664e-05,0.00405544833759886,0.02233234470974,0.00176930431717589,0.0210986467665876,0.0564466035181369,0.00651033372798763,0.000862476403027999,0.784795546708899,8.00898045547455e-05,0.00307203365841729,2.12257789169271e-10
2290,2.94457301553728e-09,8.24885798188911e-09,1.97284459164191e-07,1.48252884640171e-08,0.000503150618832294,0.000281598076557048,4.41508436152311e-10,9.47324572987811e-05,3.25358928450916e-05,4.24006753406108e-06,2.5641715697972e-08,0.00361980676506455,0.000942382264057548,4.01538107339561e-10,7.04383010247597e-06,2.71871230904322e-07,2.29082052614473e-07,8.17879818793177e-06,2.27818549344244e-07,0.0638933750309535,0.00510778746684712,8.18205997189012e-09,0.00922484592006517,0.00249905486095497,8.84284955321885e-05,4.25974932443536e-06,0.879436536193571,0.0342425253886155,4.56097305389374e-08,7.48234687895052e-06,9.87584907388839e-07,1.58403056533773e-08
2291,1.56643669010615e-32,2.02536251945198e-31,5.31902150250089e-19,2.72893970490636e-19,0.000340419323220734,0.000192291437323687,1.96625457805408e-32,7.63639917409377e-14,1.08907362430548e-14,2.83741056367124e-17,7.25624341435786e-19,0.00433857731024051,0.00165190950226604,5.19737133753249e-33,6.93449253071349e-22,2.79608956592683e-21,4.81392258693072e-30,1.88724140632077e-17,3.58904549762132e-18,0.0369973924335176,0.00298512260876838,3.11862023807326e-31,6.3642617668054e-12,7.1592807786798e-13,5.06454853666222e-16,1.03168685939742e-16,0.902122576717067,0.0513717106604275,5.05258443517387e-31,6.30438525372437e-22,8.69283354542889e-21,7.21195769476425e-32
2293,5.77949166295393e-25,1.43498326819054e-23,1.57826468927671e-20,1.1737445366184e-21,0.000550944154358591,0.000729685509627458,7.61252442422195e-25,1.01633113315441e-06,1.05255093366584e-06,3.62857836518159e-20,2.17270717416031e-22,0.00346277630211289,0.00197581944769488,7.8161754978109e-26,6.79309110540732e-13,1.95529844726034e-14,3.97243271152074e-22,6.52212216966846e-19,1.79792671871614e-20,0.0697393460542452,0.0131932359350298,1.4062574107633e-23,9.86524830277254e-05,8.05876803012572e-05,7.54342266200858e-19,3.59791279969673e-20,0.838602256679072,0.0715646268709741,8.84988268988064e-24,7.1929804179094e-13,7.0800564300543e-14,3.0991553335954e-24
2294,4.68324708241686e-09,0.00516927373974926,0.00137779203275474,0.000413073060878077,0.00135829599376736,0.000346036870092479,0.00131163272996373,0.00542420930039686,0.00158336546240406,3.90104623884276e-06,4.46797876516267e-08,0.000354759940122448,5.26563164148756e-05,1.60541504120887e-09,2.56042196383177e-08,1.76272532293212e-09,0.122864343419066,0.0488854232360426,0.00543265212737264,0.147622083984049,0.00537185898008385,0.0208034321813625,0.452059761134223,0.104086240522479,6.96305225382005e-05,6.35253631509093e-06,0.0737654139627472,0.00163752617658434,1.56069184255305e-07,2.32776751876213e-08,5.48018132369151e-09,2.15619182350929e-08
2296,9.78629952715393e-09,1.07975840486672e-05,0.000865024888665928,7.72713186360059e-05,8.27320906273216e-05,8.07483978421708e-06,1.67084769464296e-05,6.4173890504169e-06,6.0045346176316e-06,0.163067039518565,0.00123451453807699,0.00104761497423347,8.57419772947779e-05,0.000530588501963138,0.000624917661454557,0.000221725200578446,5.94651607195436e-07,0.00757656470177421,0.000250871525007934,0.00221962155607103,3.09445495201872e-05,2.92318329760814e-05,1.48085976004351e-07,1.69109802904129e-05,0.718509915138116,0.0433291617646343,0.053773453745028,0.000658232457550975,0.00568963106196334,1.90695963666358e-09,2.95326634686845e-05,9.82127158678877e-11
2297,9.92344716586365e-13,4.83464855744243e-09,0.000269640664059441,2.35512541159437e-05,2.52156236531393e-05,3.25978726700496e-05,3.16068098611818e-10,7.62414150915753e-08,7.34483934636135e-09,0.0519857173639742,0.000384815887033599,0.000326556612453745,0.00035400541836451,2.47866012015342e-09,7.59305329753456e-06,2.7738251032209e-07,5.80526464449117e-09,0.00851045685790197,0.000275531234551882,0.0024378018492249,3.84821951349252e-05,4.73578642541364e-10,1.41355362242759e-09,3.76086612034771e-09,0.825418832896568,0.0486699416426327,0.0604016036569048,0.000837174586254392,9.4271677598389e-08,2.8986437033261e-10,6.71711489149595e-09,1.50787117440303e-13
2298,2.75769357934649e-18,0.000894578755299373,8.03962198077783e-05,5.93017592813251e-05,3.99934545285e-05,7.65606067513978e-06,0.000493898415253318,0.000330456828556968,6.38592311447721e-05,2.255962622093e-14,0.000766872676576988,0.000215512891036872,6.58025537494912e-05,0.0126951081456907,0.0136941725566651,0.00190869787671454,0.00194846611251884,0.00026140222683325,0.000522860656734627,0.0016049348100222,7.96784647485308e-05,0.00525162541672103,0.0101691747000796,0.00281429230528036,3.30552462903913e-14,0.073095843676543,0.0314719893422496,0.00137187293387827,0.827369677870678,0.00874372695913328,0.00397814709954333,1.30978218775992e-20
2299,9.29917739553007e-21,4.28096733641932e-18,8.27060935236774e-16,6.017896865534e-17,0.00224979083922635,0.00185412394392326,3.12729307982554e-18,0.0055157049867465,0.00249308356475449,1.52957570880739e-16,9.72646551844788e-19,7.78176147818177e-06,2.1918884941804e-06,1.94764002861573e-21,4.12333055307396e-14,2.90231814203401e-15,1.1186564405508e-16,3.22620305862906e-14,8.70138218215951e-16,0.268817499006799,0.0316445897973105,5.4531797065754e-17,0.505381012989635,0.180180368466383,3.0015668081794e-15,1.52037103620434e-16,0.00177891257832046,7.4940176796515e-05,2.08159868333224e-19,4.1213043914573e-14,9.92004817590202e-15,4.70699065555094e-20
2300,7.50253502649997e-20,2.4275815612969e-13,1.53595816340943e-14,8.53737695392986e-15,0.000377157774572192,0.000725094776901804,1.00996425840422e-13,0.00442649897965009,0.00859062156549184,6.71813778662102e-17,7.45021086938808e-19,6.71732704274932e-17,7.60305167869353e-18,2.49183657505818e-20,9.11355292982164e-18,6.04047100406618e-19,5.76992493803316e-12,5.44973138950402e-13,1.12281829689788e-13,0.0409901942791644,0.0112563348745785,1.60187546981183e-12,0.36890945031476,0.564724647426469,1.19913329892962e-15,1.05926499633106e-16,1.39673721294604e-14,2.36442595940246e-16,2.42241969574436e-18,8.28544388004324e-18,1.87793730266041e-18,3.45420696261513e-19
2301,6.2992606953406e-26,3.74568250625582e-20,0.000686392342981634,5.77708475234208e-05,7.81239373402937e-05,1.15549496491302e-05,2.35968686566028e-21,4.77765101690707e-20,4.43520230491918e-21,0.137329369155148,0.000979580284149279,0.00104994181668639,0.000130221006981648,1.14974797704124e-20,4.93778601209782e-18,1.73821122144807e-19,2.85111520734921e-21,0.00748463573730954,0.000233505057211296,0.00206596925825437,2.71378647867009e-05,4.99476587253755e-21,6.68979315862428e-22,6.24124650253029e-21,0.753328693756494,0.0428034347196045,0.0531210026523447,0.000612666613534204,1.03180256840491e-18,3.07520922320387e-24,1.1568008002805e-20,7.84043912791259e-28
2302,1.89551041457193e-13,0.000132089062714984,1.02805071362936e-05,6.27867171896841e-05,9.99567989850998e-05,1.04381872911092e-05,0.000603819591333789,0.000953690638833307,0.00010053395596226,1.60412740739431e-10,0.000937546531584371,0.00118300671039975,0.000103593339948897,0.0179215405972381,0.0867998789526133,0.00346972971517539,3.92866501416077e-06,4.56448786683258e-07,0.000381239228268631,1.20767321032198e-06,0.000131730150833682,0.00442155190436465,8.83582513473636e-06,0.00537257891315501,1.86905984435742e-10,0.0615422923691604,2.99297398286152e-09,0.00261895169249246,0.804359054167342,9.60162415224974e-10,0.00876927735518528,6.26556026779519e-16
2303,1.27570225233999e-17,6.24781277451982e-09,0.0011608681090786,0.000696123860940179,0.000962766769154394,9.56315049067747e-05,5.09919568842017e-09,5.4152003152212e-09,5.43107145173134e-10,0.215030705949731,0.0109280940031531,0.0119792273382904,0.000997793308921186,1.59111901644302e-07,5.01484279951476e-07,1.97061251521684e-08,1.25712766559282e-07,0.00206856488242891,0.00286417643342612,0.00268046863691768,0.00035954441353829,6.91218173127519e-08,3.73044093644635e-07,3.05132448759577e-08,0.192756749224755,0.486081062266278,0.063808677579354,0.00751497760686088,1.32197493827525e-05,3.02374831112293e-12,5.23603142338313e-08,1.02189219898734e-20
2304,1.17083337110761e-11,0.000114879383517549,2.80145382777477e-05,3.32217263884427e-05,1.57490028711131e-05,3.39450707188621e-06,0.000302405839823397,1.10922609148145e-05,3.09451760708498e-05,0.00540109880707081,0.000542826638701232,0.000203958509924645,3.68635680090992e-05,0.00982137320361741,0.000690014050828599,0.00116866417577176,2.65154319246627e-05,0.000417596311753349,0.000388668188992779,0.000461646848241904,4.68760190230553e-05,0.00426662718077766,6.45637832943701e-06,0.0018095762559977,0.0405021570550955,0.0686544961314154,0.0114382594162986,0.00101978101023826,0.849324834119106,4.97722341575656e-09,0.0032320032746435,3.70973932839072e-13
2305,6.12663715550204e-14,0.000134875668270311,1.00449791547588e-05,3.30542440466396e-05,3.53789458017758e-05,3.53641643258035e-06,0.000332199445102651,0.000352754301204124,3.55945360891643e-05,1.07941516682965e-08,0.000515803796399301,0.000417932937795646,3.66777258699768e-05,0.0103038444355633,0.0320457736828812,0.0012838032193077,0.00268557895683429,0.000298574513179002,0.000369319619062495,0.00311726876553419,4.66397006165826e-05,0.00447622362207821,0.0238343974942199,0.00198785919102759,7.92753846348456e-09,0.0623032520748536,1.94972898550191e-09,0.000969014560220049,0.850979801634181,6.53654504564682e-10,0.00339077420913925,8.74027586478421e-17
2306,1.3445836141647e-12,0.00457189127250788,0.000970531627963756,0.000700522888222086,0.00201802011569093,0.0010716615060299,0.0026570206303002,0.00451468742779958,0.00212166223997301,4.95204498681552e-09,5.52420204846834e-11,0.000164993670876284,2.35249667738479e-05,4.40751723578842e-13,8.22622691181202e-12,2.23101913672004e-12,0.108665636153233,0.0344354215070556,0.00921313326723174,0.21932210384702,0.0166364193597016,0.0421422454809141,0.376259175702817,0.139472441114127,8.83900007724413e-08,7.85426609419376e-09,0.0343072175207291,0.000731588373784685,4.28473386584646e-11,7.47874533095556e-12,6.93607180131394e-12,6.19053435333658e-12
2308,7.75413110844739e-09,5.81782473149909e-06,0.00430684786468564,0.00218388840918645,0.000556867031811386,0.000260056826693868,4.58313908442866e-05,4.86668673856136e-07,9.94509183271088e-06,0.712483628329,0.0306186545905446,0.00618809511679164,0.00242329125088258,0.000140591795634215,1.71038456759916e-05,0.000322271778834498,5.57110452760703e-07,0.0104830372353833,0.000395538158115901,0.00959950497095292,0.00015250226490708,1.31117979270187e-07,5.37842760223189e-07,5.26501479963488e-07,0.00677881161803781,0.00608712164405913,0.204087126112101,0.00284674913659063,4.29644876446132e-06,3.93947652267685e-10,1.73871435939857e-07,3.07734538031386e-12
2309,8.16324621840619e-23,0.0046443338499549,0.000421098693252956,4.68855728918938e-05,5.01989811236195e-05,6.10689468231776e-06,0.00038704892692339,0.000411128231157188,5.04888332647044e-05,1.55502869274496e-17,0.000600968210039214,0.000509984513310028,5.20252766137757e-05,0.00986100605739385,0.0321200429166557,0.0014957720903486,0.0770308796444104,0.0104261674948268,0.000430298016318858,0.0038071229986173,6.615577351669e-05,0.0042838445909777,0.0239101227251899,0.00231607481019209,2.69176003560528e-17,0.0596255844066313,0.0737967705104053,0.00112900864596695,0.668953841015896,0.0203219947226542,0.00324504559678454,2.47169610143552e-26
2311,3.34001399979913e-16,1.48447119631865e-13,9.60523145313107e-14,7.01549230557442e-15,0.000316032101865519,0.000390864442611507,7.64950168082355e-15,0.00458855474175796,0.00572879641327992,1.72050269981581e-14,1.00153663587263e-16,1.54884123956808e-13,9.84354805775464e-15,4.3518735156885e-17,4.10911813197863e-13,1.13241725163515e-14,4.36491229952614e-12,4.21610053730586e-12,1.1414334356038e-13,0.0424908604271514,0.00750647090720411,1.5009399050111e-13,0.473088883406713,0.465889537508578,3.79910527741721e-13,1.76161220285304e-14,3.98412108007647e-11,3.78701352446912e-13,5.23375647198642e-15,4.62151216356923e-13,4.35536117554246e-14,1.90237453764093e-15
2312,4.18573392941606e-11,1.2047113614664e-06,0.000268102671201004,2.29186316683542e-05,2.9881238720856e-05,7.49125359867403e-06,7.70828305328674e-08,4.03902197542219e-06,3.80825886742591e-07,0.0528130076413664,0.000382620950716648,0.000395392540719616,8.31220520363882e-05,1.00101087276973e-06,0.000411000946830435,1.46948224064704e-05,7.69147583271599e-07,0.00834445988931623,0.000264408302839255,0.00233939012635093,3.12108579564694e-05,1.44259637297391e-07,1.83298469399591e-07,8.38845394209179e-07,0.826914937204763,0.0477206315281679,0.0592234667751634,0.000693750025911715,2.93410106932397e-05,2.48152401081467e-09,1.53079816806566e-06,4.01272255165609e-12
2322,5.19128307658765e-27,5.78504836162312e-22,2.75701561765749e-05,0.00113779649072755,2.66768646600394e-06,0.000120290226863706,4.90003625545903e-23,2.44628949125383e-22,2.44035758811994e-23,0.00513720203849056,0.0179676927155579,3.33896848876557e-05,0.00126252434404013,1.53804874826882e-21,2.35462698110272e-20,8.90715497473585e-22,3.73884253377283e-24,0.000547102250458906,0.00526425290526754,0.000162153102377835,0.000656930920660419,3.26664986218305e-22,9.41973473825157e-25,1.43352745019478e-22,0.0512836310428326,0.898701568295197,0.00388297054362438,0.0138122575963714,6.28464109314452e-20,1.72309331927773e-27,2.47451267813023e-22,2.32731744997139e-29
2323,0.000132633140793634,8.70974295213349e-06,0.000167951014285336,2.97345759767475e-05,1.25731321679779e-05,2.43216365539877e-06,5.31406414708982e-07,4.84182455035911e-07,4.35317474491962e-08,0.0404487178895699,0.000606909842613234,0.00020340223710137,3.29941481945957e-05,2.15591835040582e-05,6.02362634446204e-05,2.05364962531278e-06,0.000230036591133778,0.00662176239959317,0.000434552272480131,0.00151843303988353,4.19556326733662e-05,9.36579808411192e-06,4.48398047040275e-05,3.17990033163325e-06,0.802266335057934,0.0958860633485661,0.0469968974226151,0.00114017089121581,0.0023289351408997,6.08529078609056e-05,7.09466489452748e-06,0.000678559022628203
2324,5.94365731689074e-10,0.000285573047506844,0.00251043352688739,0.000239933714073169,0.000436341609013907,4.5565839282929e-05,4.34358062538059e-05,7.94102964250931e-05,8.37752149759275e-06,0.442316845373087,0.0035827485733943,0.00516418149371735,0.000452216208355818,0.00128918732734698,0.00722750526913161,0.000289133507196614,2.09157339085852e-06,0.00380749790938142,0.000663766974308434,0.00142702352943675,8.75994270046001e-05,0.000278905207469574,5.57284896845418e-07,0.000129438274987036,0.337479403359541,0.107149889541532,0.0323122574993195,0.00174158054297473,0.050737825481845,8.17348663864509e-10,0.000211272863942261,5.08529253717193e-12
2325,3.80781525204919e-19,4.10008433491333e-08,0.0272123315996945,0.00358496653051646,0.00444651629164664,0.000640043414755422,0.000108303251905029,0.00311702181301581,0.00045295839943671,0.000152855422886126,4.39688789819018e-05,4.65665682773243e-06,0.000440392145832494,4.32172654595804e-13,3.07548807231952e-13,0.000418559051687541,5.33293233768628e-08,0.534120014896368,0.0260823979344512,0.252950063316797,0.00520079402411813,0.00100121387380533,0.113587334456126,0.0175524450390346,4.58795222680277e-06,5.09898866029751e-05,1.43843732104416e-05,0.00805444380565259,9.60696377037873e-14,1.79557601224202e-17,0.000758662653417558,2.85801860944505e-21
2326,2.67100376639405e-08,0.0032554655659178,0.000248515818105323,4.58584987178324e-05,0.000415003553996,4.25424594903343e-05,0.000449641104442591,0.00403695348469327,0.000417750550222012,3.22471133834618e-08,0.000698154654102438,0.00500764384958856,0.000430463263369777,0.0136063267417553,0.374603727597546,0.0146996384613023,1.94318791098858e-05,2.21439508117634e-06,0.000243761829081217,6.80781563998563e-07,3.15532846676061e-05,0.00288236911280513,5.07822823289582e-06,0.00131204563026152,1.33085428770829e-10,0.0401188556626432,3.55192420123575e-08,0.000639578157816738,0.534603222158491,1.16174871021778e-08,0.00218341702159679,2.84338672313948e-11
2328,0.00336877646553132,0.00120082942063017,0.000429587642329021,7.47639668056876e-05,4.03957380359103e-05,7.68150465602063e-06,0.000192890804310816,8.38509422727862e-05,1.98478628307858e-05,0.038242223310003,0.000685837941868625,0.000241555547342176,4.68335592929854e-05,0.00170039337479066,0.00192176855051452,0.00020345406095574,0.0252493375010771,0.0134840335619378,0.000869860668320929,0.00388387097519902,0.000105492324187032,0.0027064911082813,0.00618215221733031,0.00115424563125166,0.6038568873126,0.0862640607467126,0.0444331968943902,0.00128844912786873,0.146235081513049,0.00154561554249798,0.000559562989977947,0.0137209711931479
2333,2.11999141609647e-15,6.22345162039778e-08,0.0017957393232509,0.000459666388037703,0.000905589434462964,9.51963411373454e-05,1.34385180270977e-08,1.42732665151749e-08,1.51476139110251e-09,0.314305428356461,0.0068185438650255,0.0106470685629008,0.000938535798374614,3.96226350443728e-07,1.2740657747118e-06,5.19338998311135e-08,1.18922175180402e-06,0.00317711693274182,0.00190633190806124,0.00290340907325363,0.000253256328579915,1.72129709511587e-07,9.4787449908514e-07,8.0415190235197e-08,0.27974648208969,0.305702112636098,0.0653082779336369,0.00500180136709937,3.11067686050664e-05,3.1747421721622e-09,1.30389593754822e-07,7.85343184186091e-15
2336,8.24122550197544e-06,0.300033162511486,0.0218254953866779,0.00194963732316838,0.00208741839220556,0.000203736771933115,0.0200607000239325,0.0213087275093952,0.00209947128006858,9.4811727863529e-06,0.0111943623789472,0.00180707729511875,0.00151319614757698,0.228946864778025,0.141860494987453,0.0542265365870225,0.00156827712250698,0.00017030093588294,7.19263634425247e-05,4.98911635000379e-05,1.11208064163487e-05,0.000892520251471959,0.000390547751862739,0.00048527366684028,1.81802959183864e-08,0.0124227292700699,1.80966647047145e-07,0.000236554606574786,0.173718526318938,6.21145195343991e-08,0.000847462633560847,4.0761715327932e-09
2338,8.7426432942803e-11,1.26392449420233e-06,0.000442057345831758,3.13112958683143e-05,0.0073627383888118,0.000573954259568189,6.36523910778079e-08,2.07347738713716e-05,1.54841823708206e-06,2.11181094287402e-06,1.19827957744812e-08,3.33064017033821e-06,2.05579987672924e-07,1.17272140354977e-11,1.61068864666594e-08,4.40969536728825e-10,3.59840892695895e-05,0.0187874299453842,0.000493263656030653,0.958493856599345,0.0106726572728216,1.20929016385476e-06,0.00206991145301915,0.000121925202265581,4.51509241827332e-05,2.04073806645121e-06,0.000829543144680075,7.65793479362043e-06,1.36558185138057e-09,1.754012601641e-08,1.64214659847592e-09,4.82143298554772e-10
2339,6.95037597862435e-07,4.39544537123631e-06,0.000656033810152188,6.07341642242621e-05,6.502625382188e-05,1.2372589803174e-05,3.04576805771396e-07,0.000383459342338431,0.000123022348961984,0.119329188941733,0.000936254305181853,0.000794509906158646,0.000126766085103772,1.01242162164648e-06,0.0360301969568595,0.00438331419277063,1.20546100895586e-06,0.00701522753819391,0.000240734266170188,0.00355090400175703,5.13051875029641e-05,4.36264941378596e-07,0.0268208368614785,0.00216020320721616,0.641926159571719,0.0401189643040923,0.0830062533833806,0.00105302647706371,1.38307743604114e-05,0.0274908574118591,0.00364008330529062,2.68560545951872e-06
2340,0.366164774697564,0.0260484168726037,0.00160673082244985,0.000121702580391252,0.00013030331419524,1.07840605615884e-05,0.00147681161308471,0.00156868784281654,0.000131055693900257,0.357201905714726,0.00229303524682372,0.00194588073848009,0.000135043895572403,0.0553068760275355,0.180149897611978,0.00570722056023693,3.55249699604497e-08,3.271108036139e-09,9.18419006135898e-11,8.12584299258396e-10,9.60595612561807e-12,1.34401432442126e-09,7.50156705241102e-09,4.94338120242872e-10,3.65837630992436e-07,1.87069436910203e-08,2.32161650563242e-08,2.40973223027698e-10,3.085069936603e-07,9.39762545215057e-09,1.01810130429664e-09,9.67326172982149e-08
2342,6.60091019157776e-06,0.0377860707411735,0.00304929203160725,0.00263145883492654,0.000753444536324972,0.00105591931945294,0.0256375493364476,0.00534933542893807,0.0103028868017341,0.00740671950202603,0.0138851681891836,0.00752963156701789,0.0106164175545595,0.0452723366899461,0.153728337642353,0.360232014471858,3.91621876982349e-05,6.92431782879842e-05,0.000800114750042716,2.14237709472004e-05,0.000104231118110881,0.00272200794354235,1.02998429941668e-05,0.00173623585110737,0.00255222241995195,0.130848536402197,0.000331141577600625,0.00209932752721436,0.170792306176783,2.3298991393653e-06,0.00262788988464678,3.43911994307277e-07
2347,1.90696322104604e-18,2.31421924154349e-06,1.77791778933432e-07,6.17349016515843e-05,0.000540576494223563,5.57223466216277e-05,0.000601465455535984,0.00522507877673078,0.000543697817620247,7.11369020038917e-14,0.000363329559466714,0.00648145531008011,0.000560243276126043,0.00703596623020289,0.481775762615332,0.0190099497232497,2.46809559324042e-07,2.83053499769837e-08,0.000164226101070775,1.24767452242992e-06,0.000712409999562173,0.00192956686770882,9.24782263874878e-06,0.0294352769256272,1.61504394626674e-13,0.0268570788914996,5.12660962324164e-09,0.0143487084265246,0.355611310621544,1.66614392449961e-09,0.0486731702435448,3.95583279984595e-20
2348,8.09455890017e-16,2.24462296779572e-08,0.00241234140498674,0.000219304970321907,0.000531783912188124,5.28220306694103e-05,4.58000849875536e-09,4.86450078691995e-09,4.8780935124268e-10,0.446844453085884,0.00344275705159668,0.00661672232885867,0.000551130810049958,1.42911530820227e-07,4.59519490145961e-07,1.76996974011858e-08,4.53924830602499e-07,0.00389958021632988,0.000783531326466118,0.00145642348650484,9.83578762730594e-05,6.20840089468879e-08,3.41880501985806e-07,2.74064635671559e-08,0.363377727344139,0.132973560931082,0.0346702272093171,0.00205581622135736,1.18737479838079e-05,1.21179611692439e-09,4.70291196576415e-08,3.17370796538304e-15
2349,9.5462262854503e-13,0.000536535331329638,4.02018349526268e-05,3.3273928479705e-05,3.56189314088788e-05,3.58156114126768e-06,0.000332386695755835,0.000353001211719386,3.58311037586576e-05,3.6515343461027e-06,0.0005160945392022,0.000426613555679858,3.69214926129859e-05,0.0102473578546043,0.0325137223345097,0.00128452685986435,0.010672340727683,0.00119373137808085,0.000369527793220894,0.00318250320256265,4.69496764300927e-05,0.004451684570698,0.0241861453943142,0.00198897968637295,3.29367407904011e-06,0.0619617001701903,8.65182022312463e-07,0.000969560764050385,0.841200925019974,2.88303142943726e-07,0.00337218568685757,9.39844960007947e-16
2350,6.34404750922183e-09,0.00248141097240706,0.00018592862116858,5.86210289253634e-05,0.000194482164664637,1.95682013554262e-05,0.000585589108247107,0.00192741435716718,0.000195766657466138,0.022766325931519,0.000909240185728199,0.00239086347857939,0.000201724101110296,0.0180534937907825,0.18221613037675,0.00701813517872327,1.24623784651952e-05,0.000173171555021761,0.000300391798292749,5.59501656424958e-05,3.81657293194931e-05,0.00361880637439546,3.19672274559101e-06,0.00161685587855137,0.0159435227541265,0.0503691112843396,0.00131594480441173,0.000788162911722006,0.683818276264873,6.90085074003989e-09,0.00274127397515316,3.44695572084079e-12
2351,1.67050484140507e-05,0.000116330015824766,2.78459991030449e-05,2.19164790011904e-06,0.000647263176728557,5.5119326291477e-05,6.29796601011876e-06,0.00311541262194765,0.000251261910068126,0.000625336261194639,3.82471182596634e-06,0.00162999927940506,0.000108955589818174,2.23347981054545e-06,0.00634705846198134,0.000179658872334544,0.00383296926703863,0.00136963779545498,3.99579338912868e-05,0.0975180546839443,0.00118618750613784,0.000138474649700281,0.359933445668254,0.0228973924941389,0.0154731731585599,0.000753844883241632,0.469843085741891,0.00469715086395633,0.000300994860819574,0.00799922246514457,0.000774294493699647,0.000106619165468725
2352,1.64088208497377e-11,4.68459070064501e-12,0.00519975359334649,0.00095780866308129,0.000503127809602748,0.000101261536938296,1.74064051694038e-10,9.2559685966362e-12,3.14650684317824e-11,0.968880429559739,0.0151253865509279,0.00629732138125546,0.00106280583911752,5.46361257079194e-09,8.90914729094844e-10,1.14845562870346e-09,1.04358069070908e-16,1.70107447763606e-05,7.72530013158748e-07,5.04173586734586e-06,9.64047248327261e-08,6.85305021677892e-14,4.67656829087114e-17,3.00737330836866e-14,0.00159453330367935,0.000131884608675658,0.000120731034895789,2.02695116186378e-06,1.31844436418936e-11,4.91032451392913e-17,5.19123884123583e-14,2.38167244333407e-16
2353,1.04801602150308e-05,5.78452029942063e-07,7.88242920320869e-05,9.60532363972206e-05,4.95983320923224e-06,0.00106668357175457,4.08102144662858e-05,2.70282049303735e-08,0.0167076175787968,0.0225858305012113,0.00233253564939025,9.54625811906034e-05,0.0172160529346543,0.00196982774479188,4.00055306536118e-06,0.937753366632179,5.15226203856182e-14,3.68089787018702e-15,1.38560371887979e-07,7.09450277374256e-16,1.12443261159384e-08,1.33360361725663e-12,8.44132993506261e-15,3.80576200170918e-13,5.30582106202535e-13,3.63752812751832e-05,2.61245827302607e-14,3.63552356546322e-07,3.9454198440171e-10,1.36295763018637e-14,1.0102151126465e-12,1.8081835149918e-13
2354,5.82258916525163e-08,4.09764923031463e-06,0.000182671453064086,1.38008811852358e-05,0.00506242709265483,0.000421578644570645,2.15757045717268e-07,0.000128524799747194,1.00498780082554e-05,0.000288806922533634,1.71373458831163e-06,0.000804761950825427,5.20198422265943e-05,7.64600089435309e-09,2.18426356039661e-05,6.05599543208868e-07,0.000129079678987535,0.00858999989277119,0.00024055733574883,0.729192945504806,0.00867376388665058,4.53538853086003e-06,0.0141962328003371,0.000875587816032694,0.00683207963199859,0.000322928505561046,0.221774909311851,0.00214404339759641,9.85124095691868e-07,2.63184231310863e-05,2.49529897510802e-06,3.55290206186333e-07
2355,5.36549748833779e-11,0.00149239359245037,0.000109191448349976,2.91249953378358e-05,3.60641376645925e-05,3.54034730418419e-06,0.000297952968994508,0.000265936312919374,3.17125719937742e-05,0.00958340000331905,0.000462629528198998,0.000454038677384081,3.73761916246325e-05,0.00940715472839841,0.00962013085008065,0.00116427820845149,0.000360727101453418,0.000817892171871867,0.00033124642027499,0.00122343396457642,4.10955113993636e-05,0.00408668128436282,9.03525695076989e-05,0.00178293057571687,0.0771162815209595,0.0568813258018221,0.0294685746119084,0.000869118746201564,0.790839632464781,8.97791808598599e-08,0.00309569285851634,1.33997625714617e-12
2356,1.25979400481461e-14,3.41539915211874e-14,9.80575704800356e-07,1.07129257545744e-07,0.000632078208690233,8.64054848586716e-05,6.85579987220785e-15,1.5015392823307e-06,1.80790576208275e-07,0.000209733641424116,1.9419380228693e-06,0.00908129746263029,0.00104099891542159,2.24924961016821e-13,0.000165901576663264,7.57462047402897e-06,7.79495920742262e-13,3.43349904069529e-05,1.39044306353625e-06,0.0337418587260909,0.000932079562605785,1.07310191241484e-13,4.32405605457872e-05,5.94753065284357e-06,0.00369442406628932,0.000272478043637931,0.927486047345396,0.0224955957638674,2.15788143105828e-11,5.21163243001823e-05,1.17847373362368e-05,5.72400430889652e-14
2357,1.15018585757523e-12,0.000523362808879994,3.80713001028077e-05,3.05876908002137e-05,3.27433792641833e-05,3.19640853735624e-06,0.000314730582081138,0.000334250071323777,3.29384227494707e-05,1.67998711121825e-06,0.000488680012786444,0.000404004763261079,3.39407834159768e-05,0.00999447338041794,0.0317154755075045,0.00121629382723832,0.0107230150125521,0.00116442398216279,0.000349898774351061,0.00301345088533451,4.31593818773035e-05,0.00434182582194738,0.0235892768589216,0.00188332668675624,1.30704167889751e-06,0.0604326082628339,8.43940873241916e-07,0.000918058476855391,0.845085119444954,2.89672062295579e-07,0.00328896683021364,1.37891465990775e-15
2358,1.70185524469503e-05,1.34601973253837e-05,0.0049629890543097,0.00107948121054734,0.000466688484394145,0.000110909577155761,0.000271106094998264,9.16822111649651e-06,4.94139734089997e-05,0.951573916654657,0.0175410101948395,0.00601058041031652,0.00119781640948678,0.00875632516265207,0.000908052873997795,0.00185586810938978,1.82088687384559e-09,3.43141181696358e-05,7.36602313948093e-06,9.88366032956132e-06,8.93314216056283e-07,1.28478232008081e-06,7.58943008001695e-10,5.47925088512249e-07,0.00330974778509061,0.00129396826351019,0.000243538954503252,1.93268467329026e-05,0.000254342676672064,8.19981152734066e-10,9.73232600310853e-07,3.83677420806013e-09
2361,3.63704971513017e-24,1.27415992169136e-22,2.12047801250804e-19,1.54328371761212e-20,0.00108841786822058,0.00111074457080026,6.5707005010756e-24,2.31116449450327e-05,2.10289491529977e-05,4.09926694454189e-19,2.39065154386962e-21,0.00309907547001859,0.00155561028386482,4.76257597756896e-25,9.77215311775683e-14,2.74001391253597e-15,3.61654003794782e-21,8.98467739488213e-18,2.42383918213522e-19,0.14126207421629,0.020591568599491,1.24453588045846e-22,0.00230018768020765,0.00165083143394163,8.7377126976536e-18,4.05905876449114e-19,0.769526123050368,0.0577712262324822,5.52897662318729e-23,1.06094122931985e-13,1.01726957730468e-14,1.99968949411899e-23
2362,7.34523008647112e-12,0.000161130771589353,1.22232858959995e-05,3.71805266603954e-05,1.2191243295194e-06,4.05177910635737e-06,0.000366853914849253,1.19338720066932e-05,4.00379326830228e-05,8.81232084373216e-12,0.000569611553519352,7.07059863838995e-08,4.12563410201471e-05,0.0111711914774973,5.3226302035443e-06,0.00141772734374548,0.000406375110002476,4.60188710632423e-05,0.000407846400953034,1.40590893384891e-05,5.24619056409491e-05,0.00485301884078759,0.000105534162474388,0.00219522921289709,1.2521589036498e-11,0.0675477549133759,8.52105901839079e-09,0.00107010047790057,0.905785578881457,2.80461679808712e-09,0.00367619951796985,2.69213179283833e-12
2363,3.80039961859094e-11,0.000856501124826889,6.19499668199063e-05,6.30187355792794e-05,2.3469021632386e-05,6.54792303363049e-06,0.000652144218517471,0.000240948765263007,6.7861865323712e-05,4.34728206640609e-11,0.00101257984825118,0.00019001892918529,6.99269934894896e-05,0.0208279405260116,0.015002489025572,0.00252024757876079,1.08954055029899e-05,1.17640243849025e-06,0.000361962896353038,3.42673723623266e-07,4.4393065931003e-05,0.00451726678633753,2.69782033349491e-06,0.00194826170392155,2.21089906081593e-12,0.0628745199168321,5.20772414758551e-09,0.000949712115797894,0.884271254876042,1.79772919668511e-09,0.00342186472529343,8.53507020128379e-14
2364,8.65397097703797e-08,1.27532899627408e-06,0.00348715103993067,0.000828356993932406,0.000327909897819641,8.51082196090102e-05,5.7271841564848e-07,3.40645271156105e-07,5.89309407209446e-08,0.668605539267047,0.0134603718282118,0.00422322142947727,0.000919163381956673,1.84979562119003e-05,3.37387060757608e-05,2.21330214907233e-06,2.03237419067936e-09,0.00278277054933335,9.05930337798278e-05,0.000801534772036064,1.09866672176769e-05,3.92197645178191e-08,4.97614902126335e-10,1.67261742389979e-08,0.268410472230101,0.0159142197066821,0.0197502680050454,0.000237696467385084,7.76416341507784e-06,2.17002989642159e-11,2.97092766678603e-08,1.2344755641791e-11
2366,3.56262565076367e-12,1.55714254054931e-06,0.00343599279361314,0.000316151076345612,0.000338493505246888,3.40300788498729e-05,1.07240268781579e-07,2.59719583472222e-07,8.23138757127817e-08,0.628835610627082,0.00490365434800966,0.00416126466314604,0.000350808280332805,1.42148518643587e-06,2.45536707285539e-05,2.95091061120483e-06,4.4512523643657e-09,0.00336312544274584,0.000114703006171106,0.00101485118741747,1.4573380200588e-05,2.45297575321627e-07,1.14179004587875e-09,1.0959713939363e-07,0.309635534627274,0.0192331765225169,0.0238692438529399,0.000300955804522272,4.63520143866254e-05,2.60271976075312e-13,1.85814821194925e-07,3.52788154431401e-15
2367,6.62197283038747e-10,0.000122668785921386,0.00273906469852422,0.000243282181376353,0.000260474958017121,2.52780857067826e-05,1.38473141213426e-05,0.000101664995546299,9.96779021755025e-06,0.519303899628686,0.00390903803505193,0.00331722847650504,0.000269951330454917,0.000442250389982714,0.00995674960897866,0.000370182856624171,8.88216531700795e-07,0.00401683576836192,0.000132245651151513,0.00117006223796528,1.62193141059727e-05,9.4159208504576e-05,2.19932027230301e-07,4.06101274681993e-05,0.383112405146784,0.0229716413229559,0.0285088481249041,0.000346983899249373,0.0184320044400085,4.78660380634255e-10,7.1326332798818e-05,6.10378334081186e-13
2368,1.06119034616073e-25,4.0824173301798e-24,5.61928915788132e-21,4.11246736486087e-22,0.000688087422279722,0.000788976883736574,2.12957187190103e-25,3.4603245072743e-06,3.06956625742328e-06,8.48021544861435e-21,4.99775153180646e-23,0.00345159957422451,0.00171045481754545,1.43542906836575e-26,7.24104341718611e-13,2.03340605835254e-14,1.12285886579689e-22,2.3072174692751e-19,6.25891319653901e-21,0.0865390198051346,0.0141735273890942,3.90864734413697e-24,0.000333724184928154,0.000233507378109006,1.75160784919129e-19,8.22284600932248e-21,0.830519928744019,0.0615546439085842,1.61481587332386e-24,7.61799444385716e-13,7.31553071645552e-14,5.65386005136166e-25
2369,1.38178702184765e-07,7.6649976732718e-09,3.68671839336006e-10,0.00117576621617387,2.33140889747551e-11,8.12399515828497e-05,0.0182970107269681,3.59942701213264e-10,0.00126612646034106,1.05110102835891e-07,0.0284096428662389,4.46491360569101e-10,0.00130465639762195,0.878755437312292,5.30108433379775e-08,0.0707098149057155,8.12194929404084e-23,5.83159814834446e-24,3.89569167477882e-22,1.12960673999874e-24,3.17724321031568e-23,7.31107880479067e-21,1.33734881420045e-23,2.09685218477618e-21,8.36401745611773e-22,1.01760775191681e-19,4.13888332816797e-23,1.02214498232492e-21,2.15216931170952e-18,2.14854614913758e-23,5.53819905913449e-21,2.83617710043414e-22
2370,9.52218574000422e-11,3.61645364609598e-07,0.00280289946153563,0.000254810443478965,0.000272817923581635,2.70989708344091e-05,5.50557412978874e-08,2.82816314946273e-07,2.83817869831556e-08,0.519188566906627,0.00400013939410509,0.00339453752793653,0.000282743347012918,1.71792263517888e-06,2.7061315577036e-05,1.02980609130809e-06,1.73743559608519e-09,0.00437271104858136,0.00014734988343181,0.00130369908477836,1.84970544429951e-05,4.99629847168154e-08,4.40331782445996e-10,2.20557393695242e-08,0.407465859148693,0.0250068351332921,0.0310346158934282,0.000386614128040649,9.55556670887389e-06,8.99057644981056e-13,3.78473495278015e-08,1.67958012940691e-14
2372,1.94239246440301e-14,8.38747655069547e-07,0.000137143911660284,0.000132474321277543,0.000184621938010364,1.77166494535518e-05,1.6001657558508e-06,4.49837588215295e-07,2.28890092515983e-07,0.026295155547561,0.0021526390615967,0.0023777852701044,0.000191338692120211,5.16829829018063e-05,4.45534973056178e-05,8.59655263380059e-06,8.63601229473112e-07,0.00430471672233614,0.0015413066824202,0.0104469414654895,0.000186921917653044,2.24522594815249e-05,2.11447696615751e-07,9.5752845220821e-06,0.415208881859072,0.270756946268357,0.257418518790293,0.0040440543635915,0.00444477456189433,9.49034522173409e-10,1.70077611876574e-05,4.16532797919061e-15
2373,1.53116805610412e-15,6.78041184909479e-07,0.00122824560094448,0.000682377266905368,0.00104776106105163,0.000108701724273815,4.33524396365126e-07,4.60411446000747e-07,4.82271569164856e-08,0.217825408435514,0.0102562399185379,0.0124817560144933,0.0010858797889168,1.29515053455019e-05,4.10888922435982e-05,1.67537912512164e-06,1.30694065222367e-05,0.00217533839198958,0.00286155970293577,0.00345421105289026,0.000375188803909304,5.62642754668486e-06,3.05686213707718e-05,2.59418090112349e-06,0.194076517306478,0.464962004776887,0.0787269819930887,0.00750811187372772,0.00103025925452942,3.53057595590811e-10,4.26206262814728e-06,1.05289054426955e-18
2374,2.53488031911743e-12,0.00119281263018455,0.000151394220067326,3.91974997217192e-05,0.000177344152367478,0.000151956702817049,7.97533717892737e-05,0.000625073306079214,0.000835284896636853,0.0285395340528002,0.000216061258008636,0.00224566293688651,0.00161353890738423,6.14301394531935e-08,0.0320514297125285,0.0222436196083504,0.00346990928845408,0.00467213853375231,0.000448388117947105,0.0167642639943575,0.000233716687389337,0.000154817966350442,0.00285439150464329,0.000221829196051911,0.443073872333432,0.0267192130317754,0.406137871568397,0.00497147032018017,5.19424033276607e-06,1.53547823813098e-05,9.48437453723216e-05,8.86672654969761e-13
